07/09/2021 12:16:23.841 PM,5511,0,0.1008,0,22,0,NaN,NaN,null,0,0,0,0,0
07/09/2021 12:16:23.873 PM,5543,0,0.1508,0,22.00002,0,NaN,NaN,null,0,0,0,0,0
07/09/2021 12:16:24.436 PM,6106,0,0.235,0,22.00323,0,NaN,NaN,null,0,0,0,0,0
07/09/2021 12:16:24.469 PM,6139,0,0.235,0,22.00355,0,NaN,NaN,null,0,0,0,0,0
07/09/2021 12:16:24.488 PM,6158,0,0.235,0,22.00376,0,NaN,NaN,null,0,0,0,0,0
07/09/2021 12:16:24.506 PM,6176,0,0.235,0,22.00373,0,NaN,NaN,null,0,0,0,0,0
07/09/2021 12:16:24.526 PM,6196,0,0.235,0,22.00394,0,NaN,NaN,null,0,0,0,0,0
07/09/2021 12:16:24.544 PM,6214,0,0.235,0,22.00418,0,NaN,NaN,null,0,0,0,0,0
07/09/2021 12:16:24.563 PM,6233,0,0.235,0,22.00415,0,NaN,NaN,null,0,0,0,0,0
07/09/2021 12:16:24.588 PM,6258,0,0.235,0,22.00385,0,NaN,NaN,null,0,0,0,0,0
07/09/2021 12:16:24.600 PM,6270,0,0.235,0,22.00384,0,NaN,NaN,null,0,0,0,0,0
07/09/2021 12:16:24.618 PM,6288,0,0.235,0,22.0039,0,NaN,NaN,null,0,0,0,0,0
07/09/2021 12:16:24.637 PM,6307,0,0.235,0,22.00401,0,NaN,NaN,null,0,0,0,0,0
07/09/2021 12:16:24.667 PM,6337,0,0.235,0,22.00411,0,NaN,NaN,null,0,0,0,0,0
07/09/2021 12:16:24.700 PM,6370,0,0.235,0,22.00402,0,NaN,NaN,null,0,0,0,0,0
07/09/2021 12:16:24.733 PM,6403,0,0.235,0,22.00392,0,NaN,NaN,null,0,0,0,0,0
07/09/2021 12:16:24.767 PM,6437,0,0.235,0,22.00391,0,NaN,NaN,null,0,0,0,0,0
07/09/2021 12:16:24.810 PM,6480,0,0.235,0,22.00454,0,NaN,NaN,null,0,0,0,0,0
07/09/2021 12:16:24.841 PM,6511,0,0.235,0,22.00437,0,NaN,NaN,null,0,0,0,0,0
07/09/2021 12:16:24.873 PM,6543,0,0.235,0,22.00431,0,NaN,NaN,null,0,0,0,0,0
07/09/2021 12:16:24.908 PM,6578,0,0.235,0,22.00418,0,NaN,NaN,null,0,0,0,0,0
07/09/2021 12:16:24.939 PM,6609,0,0.235,0,22.00429,0,NaN,NaN,null,0,0,0,0,0
07/09/2021 12:16:24.973 PM,6643,0,0.235,0,22.00381,0,NaN,NaN,null,0,0,0,0,0
07/09/2021 12:16:25.021 PM,6691,0,0.235,0,22.00358,0,NaN,NaN,null,0,0,0,0,0
07/09/2021 12:16:25.053 PM,6723,0,0.235,0,22.00364,0,NaN,NaN,null,0,0,0,0,0
07/09/2021 12:16:25.081 PM,6751,0,0.235,0,22.00379,0,NaN,NaN,null,0,0,0,0,0
07/09/2021 12:16:25.116 PM,6786,0,0.235,0,22.00393,0,NaN,NaN,null,0,0,0,0,0
07/09/2021 12:16:25.148 PM,6818,0,0.235,0,22.00418,0,NaN,NaN,null,0,0,0,0,0
07/09/2021 12:16:25.178 PM,6848,0,0.235,0,22.00447,0,NaN,NaN,null,0,0,0,0,0
07/09/2021 12:16:25.222 PM,6892,0,0.235,0,22.00433,0,NaN,NaN,null,0,0,0,0,0
07/09/2021 12:16:25.254 PM,6924,0,0.235,0,22.00377,0,NaN,NaN,null,0,0,0,0,0
07/09/2021 12:16:25.286 PM,6956,0,0.235,0,22.00393,0,NaN,NaN,null,0,0,0,0,0
07/09/2021 12:16:25.320 PM,6990,0,0.235,0,22.00394,0,NaN,NaN,null,0,0,0,0,0
07/09/2021 12:16:25.352 PM,7022,0,0.235,0,22.00397,0,NaN,NaN,null,0,0,0,0,0
07/09/2021 12:16:25.384 PM,7054,0,0.235,0,22.004,0,NaN,NaN,null,0,0,0,0,0
07/09/2021 12:16:25.429 PM,7099,0,0.235,0,22.00499,0,NaN,NaN,null,0,0,0,0,0
07/09/2021 12:16:25.460 PM,7130,0.0008765286,0.235,0.0008023947,22.0051,0,NaN,NaN,null,0,0,0,0,0
07/09/2021 12:16:25.492 PM,7162,0.0008765286,0.235,0.0008023947,22.00521,0,NaN,NaN,null,0,0,0,0,0
07/09/2021 12:16:25.524 PM,7194,0.001777234,0.235,0.001637167,22.00614,0,NaN,NaN,null,0,0,0,0,0
07/09/2021 12:16:25.570 PM,7240,0.002732048,0.235,0.002602451,22.00666,0,NaN,NaN,null,0,0,0,0,0
07/09/2021 12:16:25.605 PM,7275,0.004061993,0.235,0.004389667,22.00808,0,NaN,NaN,null,0,0,0,0,0
07/09/2021 12:16:25.634 PM,7304,0.005275677,0.235,0.006062439,22.00879,0,NaN,NaN,null,0,0,0,0,0
07/09/2021 12:16:25.666 PM,7336,0.00649784,0.235,0.007495957,22.00957,0,NaN,NaN,null,0,0,0,0,0
07/09/2021 12:16:25.697 PM,7367,0.007822008,0.235,0.009185948,22.00977,0,NaN,NaN,null,0,0,0,0,0
07/09/2021 12:16:25.759 PM,7429,0.01258854,0.235,0.01369658,22.01066,0,NaN,NaN,null,0,0,0,0,0
07/09/2021 12:16:25.787 PM,7457,0.01435386,0.235,0.01512274,22.0108,0,NaN,NaN,null,0,0,0,0,0
07/09/2021 12:16:25.806 PM,7476,0.01540597,0.235,0.01611386,22.0109,0,NaN,NaN,null,0,0,0,0,0
07/09/2021 12:16:25.839 PM,7509,0.01644848,0.235,0.01711361,22.01091,0,NaN,NaN,null,0,0,0,0,0
07/09/2021 12:16:25.869 PM,7539,0.01790689,0.235,0.01844914,22.01097,0,NaN,NaN,null,0,0,0,0,0
07/09/2021 12:16:25.901 PM,7571,0.01963702,0.235,0.01997533,22.01102,0,NaN,NaN,null,0,0,0,0,0
07/09/2021 12:16:25.933 PM,7603,0.02151326,0.235,0.02170924,22.01101,0,NaN,NaN,null,0,0,0,0,0
07/09/2021 12:16:25.982 PM,7652,0.02347108,0.235,0.02345738,22.01099,0,NaN,NaN,null,0,0,0,0,0
07/09/2021 12:16:26.012 PM,7682,0.02643093,0.235,0.02602202,22.01098,0,NaN,NaN,null,0,0,0,0,0
07/09/2021 12:16:26.042 PM,7712,0.02845718,0.235,0.0277443,22.01104,0,NaN,NaN,null,0,0,0,0,0
07/09/2021 12:16:26.074 PM,7744,0.03045446,0.235,0.02949907,22.01107,0,NaN,NaN,null,0,0,0,0,0
07/09/2021 12:16:26.121 PM,7791,0.03220103,0.235,0.03100091,22.01105,0,NaN,NaN,null,0,0,0,0,0
07/09/2021 12:16:26.155 PM,7825,0.03517142,0.235,0.03362745,22.01107,0,NaN,NaN,null,0,0,0,0,0
07/09/2021 12:16:26.185 PM,7855,0.03751308,0.235,0.03570981,22.01103,0,NaN,NaN,null,0,0,0,0,0
07/09/2021 12:16:26.216 PM,7886,0.03914244,0.235,0.03715495,22.01099,0,NaN,NaN,null,0,0,0,0,0
07/09/2021 12:16:26.249 PM,7919,0.0410203,0.235,0.03889489,22.01097,0,NaN,NaN,null,0,0,0,0,0
07/09/2021 12:16:26.282 PM,7952,0.04297138,0.235,0.04062939,22.01103,0,NaN,NaN,null,0,0,0,0,0
07/09/2021 12:16:26.316 PM,7986,0.04487808,0.235,0.04241212,22.01103,0,NaN,NaN,null,0,0,0,0,0
07/09/2021 12:16:26.363 PM,8033,0.04693868,0.235,0.04440919,22.01098,0,NaN,NaN,null,0,0,0,0,0
07/09/2021 12:16:26.391 PM,8061,0.04975099,0.235,0.04697273,22.01091,0,NaN,NaN,null,0,0,0,0,0
07/09/2021 12:16:26.424 PM,8094,0.05088824,0.235,0.04862853,22.0106,0,NaN,NaN,null,0,0,0,0,0
07/09/2021 12:16:26.458 PM,8128,0.0518223,0.235,0.05049097,22.01026,0,NaN,NaN,null,0,0,0,0,0
07/09/2021 12:16:26.488 PM,8158,0.05265124,0.235,0.05239742,22.01021,0,NaN,NaN,null,0,0,0,0,0
07/09/2021 12:16:26.522 PM,8192,0.05359761,0.235,0.05423532,22.01011,0,NaN,NaN,null,0,0,0,0,0
07/09/2021 12:16:26.573 PM,8243,0.05439638,0.235,0.05617063,22.01025,0,NaN,NaN,null,0,0,0,0,0
07/09/2021 12:16:26.602 PM,8272,0.05586767,0.235,0.05936205,22.01047,0,NaN,NaN,null,0,0,0,0,0
07/09/2021 12:16:26.633 PM,8303,0.05674816,0.235,0.06117865,22.01095,0,NaN,NaN,null,0,0,0,0,0
07/09/2021 12:16:26.664 PM,8334,0.05786758,0.235,0.06312243,22.01026,0,NaN,NaN,null,0,0,0,0,0
07/09/2021 12:16:26.696 PM,8366,0.05892481,0.235,0.06463926,22.00923,0,NaN,NaN,null,0,0,0,0,0
07/09/2021 12:16:26.727 PM,8397,0.06002012,0.235,0.06628118,22.00996,0,NaN,NaN,null,0,0,0,0,0
07/09/2021 12:16:26.773 PM,8443,0.06072768,0.235,0.06820885,22.01095,0,NaN,NaN,null,0,0,0,0,0
07/09/2021 12:16:26.804 PM,8474,0.06125738,0.235,0.0716418,22.01023,0,NaN,NaN,null,0,0,0,0,0
07/09/2021 12:16:26.834 PM,8504,0.06140479,0.235,0.07394675,22.00997,0,NaN,NaN,null,0,0,0,0,0
07/09/2021 12:16:26.867 PM,8537,0.06133567,0.235,0.0758693,22.00972,0,NaN,NaN,null,0,0,0,0,0
07/09/2021 12:16:26.909 PM,8579,0.06134889,0.235,0.07876965,22.01088,0,NaN,NaN,null,0,0,0,0,0
07/09/2021 12:16:26.941 PM,8611,0.06148489,0.235,0.08241841,22.01234,0,NaN,NaN,null,0,0,0,0,0
07/09/2021 12:16:26.974 PM,8644,0.06228938,0.235,0.0846457,22.0111,0,NaN,NaN,null,0,0,0,0,0
07/09/2021 12:16:27.006 PM,8676,0.0633092,0.235,0.08625682,22.0095,0,NaN,NaN,null,0,0,0,0,0
07/09/2021 12:16:27.047 PM,8717,0.06472307,0.235,0.08778369,22.00976,0,NaN,NaN,null,0,0,0,0,0
07/09/2021 12:16:27.076 PM,8746,0.06660702,0.235,0.09031625,22.01089,0,NaN,NaN,null,0,0,0,0,0
07/09/2021 12:16:27.115 PM,8785,0.0677387,0.235,0.09186253,22.01071,0,NaN,NaN,null,0,0,0,0,0
07/09/2021 12:16:27.148 PM,8818,0.06904502,0.235,0.09417538,22.01061,0,NaN,NaN,null,0,0,0,0,0
07/09/2021 12:16:27.181 PM,8851,0.06998961,0.235,0.09581171,22.00979,0,NaN,NaN,null,0,0,0,0,0
07/09/2021 12:16:27.213 PM,8883,0.07092686,0.235,0.09734192,22.00948,0,NaN,NaN,null,0,0,0,0,0
07/09/2021 12:16:27.248 PM,8918,0.07195491,0.235,0.0988626,22.00957,0,NaN,NaN,null,0,0,0,0,0
07/09/2021 12:16:27.280 PM,8950,0.07330472,0.235,0.1004796,22.00958,0,NaN,NaN,null,0,0,0,0,0
07/09/2021 12:16:27.313 PM,8983,0.07448123,0.235,0.1016538,22.00863,0,NaN,NaN,null,0,0,0,0,0
07/09/2021 12:16:27.356 PM,9026,0.0754934,0.235,0.1025954,22.00775,0,NaN,NaN,null,0,0,0,0,0
07/09/2021 12:16:27.388 PM,9058,0.07698183,0.235,0.1038243,22.00775,0,NaN,NaN,null,0,0,0,0,0
07/09/2021 12:16:27.422 PM,9092,0.07808694,0.235,0.1046342,22.00742,0,NaN,NaN,null,0,0,0,0,0
07/09/2021 12:16:27.455 PM,9125,0.07914547,0.235,0.1055678,22.00778,0,NaN,NaN,null,0,0,0,0,0
07/09/2021 12:16:27.488 PM,9158,0.08012746,0.235,0.1064887,22.00765,0,NaN,NaN,null,0,0,0,0,0
07/09/2021 12:16:27.520 PM,9190,0.08093665,0.235,0.1074659,22.00712,0,NaN,NaN,null,0,0,0,0,0
07/09/2021 12:16:27.563 PM,9233,0.0815407,0.235,0.1083186,22.00696,0,NaN,NaN,null,0,0,0,0,0
07/09/2021 12:16:27.597 PM,9267,0.0824923,0.235,0.1094481,22.00692,0,NaN,NaN,null,0,0,0,0,0
07/09/2021 12:16:27.626 PM,9296,0.0824923,0.235,0.1094481,22.00661,0,NaN,NaN,null,0,0,0,0,0
07/09/2021 12:16:27.659 PM,9329,0.0824923,0.235,0.1094481,22.0059,0,NaN,NaN,null,0,0,0,0,0
07/09/2021 12:16:27.693 PM,9363,0.0824923,0.235,0.1094481,22.00483,0,NaN,NaN,null,0,0,0,0,0
07/09/2021 12:16:27.726 PM,9396,0.0824923,0.235,0.1094481,22.00426,0,NaN,NaN,null,0,0,0,0,0
07/09/2021 12:16:27.770 PM,9440,0.0824923,0.235,0.1094481,22.00394,0,NaN,NaN,null,0,0,0,0,0
07/09/2021 12:16:27.803 PM,9473,0.0824923,0.235,0.1094481,22.00515,0,NaN,NaN,null,0,0,0,0,0
07/09/2021 12:16:27.835 PM,9505,0.0824923,0.235,0.1094481,22.00571,0,NaN,NaN,null,0,0,0,0,0
07/09/2021 12:16:27.866 PM,9536,0.0824923,0.235,0.1094481,22.00497,0,NaN,NaN,null,0,0,0,0,0
07/09/2021 12:16:27.901 PM,9571,0.0824923,0.235,0.1094481,22.00537,0,NaN,NaN,null,0,0,0,0,0
07/09/2021 12:16:27.934 PM,9604,0.0824923,0.235,0.1094481,22.00533,0,NaN,NaN,null,0,0,0,0,0
07/09/2021 12:16:27.979 PM,9649,0.0824923,0.235,0.1094481,22.00532,0,NaN,NaN,null,0,0,0,0,0
07/09/2021 12:16:28.011 PM,9681,0.0824923,0.235,0.1094481,22.00535,0,NaN,NaN,null,0,0,0,0,0
07/09/2021 12:16:28.044 PM,9714,0.0824923,0.235,0.1094481,22.00534,0,NaN,NaN,null,0,0,0,0,0
07/09/2021 12:16:28.078 PM,9748,0.0824923,0.235,0.1094481,22.00534,0,NaN,NaN,null,0,0,0,0,0
07/09/2021 12:16:28.113 PM,9783,0.0824923,0.235,0.1094481,22.00535,0,NaN,NaN,null,0,0,0,0,0
07/09/2021 12:16:28.143 PM,9813,0.0824923,0.235,0.1094481,22.00535,0,NaN,NaN,null,0,0,0,0,0
07/09/2021 12:16:28.175 PM,9845,0.0824923,0.235,0.1094481,22.00535,0,NaN,NaN,null,0,0,0,0,0
07/09/2021 12:16:28.208 PM,9878,0.0824923,0.235,0.1094481,22.00553,0,NaN,NaN,null,0,0,0,0,0
07/09/2021 12:16:28.253 PM,9923,0.0824923,0.235,0.1094481,22.00543,0,NaN,NaN,null,0,0,0,0,0
07/09/2021 12:16:28.283 PM,9953,0.0824923,0.235,0.1094481,22.00549,0,NaN,NaN,null,0,0,0,0,0
07/09/2021 12:16:28.317 PM,9987,0.0824923,0.235,0.1094481,22.00552,0,NaN,NaN,null,0,0,0,0,0
07/09/2021 12:16:28.349 PM,10019,0.0824923,0.235,0.1094481,22.0055,0,NaN,NaN,null,0,0,0,0,0
07/09/2021 12:16:28.382 PM,10052,0.0824923,0.235,0.1094481,22.00548,0,NaN,NaN,null,0,0,0,0,0
07/09/2021 12:16:28.415 PM,10085,0.0824923,0.235,0.1094481,22.00545,0,NaN,NaN,null,0,0,0,0,0
07/09/2021 12:16:28.459 PM,10129,0.0824923,0.235,0.1094481,22.00534,0,NaN,NaN,null,0,0,0,0,0
07/09/2021 12:16:28.489 PM,10159,0.0824923,0.235,0.1094481,22.0055,0,NaN,NaN,null,0,0,0,0,0
07/09/2021 12:16:28.522 PM,10192,0.0824923,0.235,0.1094481,22.00516,0,NaN,NaN,null,0,0,0,0,0
07/09/2021 12:16:28.555 PM,10225,0.0824923,0.235,0.1094481,22.00477,0,NaN,NaN,null,0,0,0,0,0
07/09/2021 12:16:28.588 PM,10258,0.0824923,0.235,0.1094481,22.00527,0,NaN,NaN,null,0,0,0,0,0
07/09/2021 12:16:28.621 PM,10291,0.0824923,0.235,0.1094481,22.00408,0,NaN,NaN,null,0,0,0,0,0
07/09/2021 12:16:28.670 PM,10340,0.0824923,0.235,0.1094481,22.00386,0,NaN,NaN,null,0,0,0,0,0
07/09/2021 12:16:28.699 PM,10369,0.0824923,0.235,0.1094481,22.00342,0,NaN,NaN,null,0,0,0,0,0
07/09/2021 12:16:28.730 PM,10400,0.0824923,0.235,0.1094481,22.00346,0,NaN,NaN,null,0,0,0,0,0
07/09/2021 12:16:28.763 PM,10433,0.0824923,0.235,0.1094481,22.00346,0,NaN,NaN,null,0,0,0,0,0
07/09/2021 12:16:28.795 PM,10465,0.0824923,0.235,0.1094481,22.00346,0,NaN,NaN,null,0,0,0,0,0
07/09/2021 12:16:28.845 PM,10515,0.0824923,0.235,0.1094481,22.0035,0,NaN,NaN,null,0,0,0,0,0
07/09/2021 12:16:28.873 PM,10543,0.0824923,0.235,0.1094481,22.00279,0,NaN,NaN,null,0,0,0,0,0
07/09/2021 12:16:28.905 PM,10575,0.0824923,0.235,0.1094481,22.00297,0,NaN,NaN,null,0,0,0,0,0
07/09/2021 12:16:28.938 PM,10608,0.0824923,0.235,0.1094481,22.00291,0,NaN,NaN,null,0,0,0,0,0
07/09/2021 12:16:28.972 PM,10642,0.0824923,0.235,0.1094481,22.00266,0,NaN,NaN,null,0,0,0,0,0
07/09/2021 12:16:29.002 PM,10672,0.0824923,0.235,0.1094481,22.00257,0,NaN,NaN,null,0,0,0,0,0
07/09/2021 12:16:29.034 PM,10704,0.0824923,0.235,0.1094481,22.00249,0,NaN,NaN,null,0,0,0,0,0
07/09/2021 12:16:29.082 PM,10752,0.0824923,0.235,0.1094481,22.00221,0,NaN,NaN,null,0,0,0,0,0
07/09/2021 12:16:29.111 PM,10781,0.0824923,0.235,0.1094481,22.00199,0,NaN,NaN,null,0,0,0,0,0
07/09/2021 12:16:29.144 PM,10814,0.0824923,0.235,0.1094481,22.00216,0,NaN,NaN,null,0,0,0,0,0
07/09/2021 12:16:29.176 PM,10846,0.0824923,0.235,0.1094481,22.00237,0,NaN,NaN,null,0,0,0,0,0
07/09/2021 12:16:29.209 PM,10879,0.0824923,0.235,0.1094481,22.00236,0,NaN,NaN,null,0,0,0,0,0
07/09/2021 12:16:29.242 PM,10912,0.0824923,0.235,0.1094481,22.00269,0,NaN,NaN,null,0,0,0,0,0
07/09/2021 12:16:29.276 PM,10946,0.0824923,0.235,0.1094481,22.00237,0,NaN,NaN,null,0,0,0,0,0
07/09/2021 12:16:29.320 PM,10990,0.0824923,0.235,0.1094481,22.00321,0,NaN,NaN,null,0,0,0,0,0
07/09/2021 12:16:29.352 PM,11022,0.0824923,0.235,0.1094481,22.00272,0,NaN,NaN,null,0,0,0,0,0
07/09/2021 12:16:29.385 PM,11055,0.0824923,0.235,0.1094481,22.00256,0,NaN,NaN,null,0,0,0,0,0
07/09/2021 12:16:29.419 PM,11089,0.0824923,0.235,0.1094481,22.0027,0,NaN,NaN,null,0,0,0,0,0
07/09/2021 12:16:29.450 PM,11120,0.0824923,0.235,0.1094481,22.00276,0,NaN,NaN,null,0,0,0,0,0
07/09/2021 12:16:29.483 PM,11152,0.0824923,0.235,0.1094481,22.00271,0,NaN,NaN,null,0,0,0,0,0
07/09/2021 12:16:29.518 PM,11188,0.0824923,0.235,0.1094481,22.00234,0,NaN,NaN,null,0,0,0,0,0
07/09/2021 12:16:29.560 PM,11230,0.0824923,0.235,0.1094481,22.00287,0,NaN,NaN,null,0,0,0,0,0
07/09/2021 12:16:29.592 PM,11262,0.0824923,0.235,0.1094481,22.00289,0,NaN,NaN,null,0,0,0,0,0
07/09/2021 12:16:29.623 PM,11293,0.0824923,0.235,0.1094481,22.003,0,NaN,NaN,null,0,0,0,0,0
07/09/2021 12:16:29.655 PM,11325,0.0824923,0.235,0.1094481,22.00284,0,NaN,NaN,null,0,0,0,0,0
07/09/2021 12:16:29.687 PM,11357,0.0824923,0.235,0.1094481,22.00263,0,NaN,NaN,null,0,0,0,0,0
07/09/2021 12:16:29.734 PM,11404,0.0824923,0.235,0.1094481,22.00275,0,NaN,NaN,null,0,0,0,0,0
07/09/2021 12:16:29.765 PM,11435,0.0824923,0.235,0.1094481,22.00282,0,NaN,NaN,null,0,0,0,0,0
07/09/2021 12:16:29.799 PM,11469,0.0824923,0.235,0.1094481,22.00241,0,NaN,NaN,null,0,0,0,0,0
07/09/2021 12:16:29.830 PM,11500,0.0824923,0.235,0.1094481,22.00249,0,NaN,NaN,null,0,0,0,0,0
07/09/2021 12:16:29.864 PM,11534,0.0824923,0.235,0.1094481,22.00249,0,NaN,NaN,null,0,0,0,0,0
07/09/2021 12:16:29.897 PM,11567,0.0824923,0.235,0.1094481,22.00253,0,NaN,NaN,null,0,0,0,0,0
07/09/2021 12:16:29.929 PM,11599,0.0824923,0.235,0.1094481,22.00246,0,NaN,NaN,null,0,0,0,0,0
07/09/2021 12:16:29.974 PM,11644,0.0824923,0.235,0.1094481,22.00259,0,NaN,NaN,null,0,0,0,0,0
07/09/2021 12:16:30.004 PM,11674,0.0824923,0.235,0.1094481,22.00261,0,NaN,NaN,null,0,0,0,0,0
07/09/2021 12:16:30.036 PM,11706,0.0824923,0.235,0.1094481,22.00263,0,NaN,NaN,null,0,0,0,0,0
07/09/2021 12:16:30.068 PM,11738,0.0824923,0.235,0.1094481,22.00263,0,NaN,NaN,null,0,0,0,0,0
07/09/2021 12:16:30.112 PM,11782,0.0824923,0.235,0.1094481,22.00258,0,NaN,NaN,null,0,0,0,0,0
07/09/2021 12:16:30.143 PM,11813,0.0824923,0.235,0.1094481,22.0026,0,NaN,NaN,null,0,0,0,0,0
07/09/2021 12:16:30.175 PM,11845,0.0824923,0.235,0.1094481,22.00263,0,NaN,NaN,null,0,0,0,0,0
07/09/2021 12:16:30.206 PM,11876,0.0824923,0.235,0.1094481,22.00265,0,NaN,NaN,null,0,0,0,0,0
07/09/2021 12:16:30.239 PM,11909,0.0824923,0.235,0.1094481,22.00265,0,NaN,NaN,null,0,0,0,0,0
07/09/2021 12:16:30.288 PM,11958,0.0824923,0.235,0.1094481,22.00257,0,NaN,NaN,null,0,0,0,0,0
07/09/2021 12:16:30.320 PM,11990,0.0824923,0.235,0.1094481,22.00258,0,NaN,NaN,null,0,0,0,0,0
07/09/2021 12:16:30.351 PM,12021,0.0824923,0.235,0.1094481,22.00286,0,NaN,NaN,null,0,0,0,0,0
07/09/2021 12:16:30.382 PM,12052,0.0824923,0.235,0.1094481,22.00303,0,NaN,NaN,null,0,0,0,0,0
07/09/2021 12:16:30.414 PM,12084,0.0824923,0.235,0.1094481,22.0028,0,NaN,NaN,null,0,0,0,0,0
07/09/2021 12:16:30.448 PM,12118,0.0824923,0.235,0.1094481,22.00262,0,NaN,NaN,null,0,0,0,0,0
07/09/2021 12:16:30.492 PM,12162,0.0824923,0.235,0.1094481,22.00304,0,NaN,NaN,null,0,0,0,0,0
07/09/2021 12:16:30.523 PM,12193,0.0824923,0.235,0.1094481,22.00296,0,NaN,NaN,null,0,0,0,0,0
07/09/2021 12:16:30.555 PM,12225,0.0824923,0.235,0.1094481,22.00295,0,NaN,NaN,null,0,0,0,0,0
07/09/2021 12:16:30.586 PM,12256,0.0824923,0.235,0.1094481,22.00245,0,NaN,NaN,null,0,0,0,0,0
07/09/2021 12:16:30.620 PM,12290,0.0824923,0.235,0.1094481,22.00296,0,NaN,NaN,null,0,0,0,0,0
07/09/2021 12:16:30.654 PM,12324,0.0824923,0.235,0.1094481,22.00291,0,NaN,NaN,null,0,0,0,0,0
07/09/2021 12:16:30.702 PM,12372,0.0824923,0.235,0.1094481,22.00306,0,NaN,NaN,null,0,0,0,0,0
07/09/2021 12:16:30.730 PM,12400,0.0824923,0.235,0.1094481,22.0023,0,NaN,NaN,null,0,0,0,0,0
07/09/2021 12:16:30.762 PM,12432,0.0824923,0.235,0.1094481,22.00291,0,NaN,NaN,null,0,0,0,0,0
07/09/2021 12:16:30.794 PM,12464,0.0824923,0.235,0.1094481,22.00284,0,NaN,NaN,null,0,0,0,0,0
07/09/2021 12:16:30.826 PM,12496,0.0824923,0.235,0.1094481,22.00277,0,NaN,NaN,null,0,0,0,0,0
07/09/2021 12:16:30.862 PM,12532,0.0824923,0.235,0.1094481,22.00282,0,NaN,NaN,null,0,0,0,0,0
07/09/2021 12:16:30.908 PM,12578,0.0824923,0.235,0.1094481,22.003,0,NaN,NaN,null,0,0,0,0,0
07/09/2021 12:16:30.936 PM,12606,0.0824923,0.235,0.1094481,22.00266,0,NaN,NaN,null,0,0,0,0,0
07/09/2021 12:16:30.970 PM,12640,0.0824923,0.235,0.1094481,22.00286,0,NaN,NaN,null,0,0,0,0,0
07/09/2021 12:16:31.002 PM,12672,0.0824923,0.235,0.1094481,22.00263,0,NaN,NaN,null,0,0,0,0,0
07/09/2021 12:16:31.034 PM,12704,0.0824923,0.235,0.1094481,22.00235,0,NaN,NaN,null,0,0,0,0,0
07/09/2021 12:16:31.067 PM,12737,0.0824923,0.235,0.1094481,22.00211,0,NaN,NaN,null,0,0,0,0,0
07/09/2021 12:16:31.100 PM,12770,0.0824923,0.235,0.1094481,22.00278,0,NaN,NaN,null,0,0,0,0,0
07/09/2021 12:16:31.147 PM,12817,0.0824923,0.235,0.1094481,22.00267,0,NaN,NaN,null,0,0,0,0,0
07/09/2021 12:16:31.176 PM,12846,0.0824923,0.235,0.1094481,22.00298,0,NaN,NaN,null,0,0,0,0,0
07/09/2021 12:16:31.207 PM,12877,0.0824923,0.235,0.1094481,22.00278,0,NaN,NaN,null,0,0,0,0,0
07/09/2021 12:16:31.241 PM,12911,0.0824923,0.235,0.1094481,22.00285,0,NaN,NaN,null,0,0,0,0,0
07/09/2021 12:16:31.273 PM,12943,0.0824923,0.235,0.1094481,22.00282,0,NaN,NaN,null,0,0,0,0,0
07/09/2021 12:16:31.319 PM,12989,0.0824923,0.235,0.1094481,22.00288,0,NaN,NaN,null,0,0,0,0,0
07/09/2021 12:16:31.349 PM,13019,0.0824923,0.235,0.1094481,22.00276,0,NaN,NaN,null,0,0,0,0,0
07/09/2021 12:16:31.384 PM,13054,0.0824923,0.235,0.1094481,22.00277,0,NaN,NaN,null,0,0,0,0,0
07/09/2021 12:16:31.416 PM,13086,0.0824923,0.235,0.1094481,22.00286,0,NaN,NaN,null,0,0,0,0,0
07/09/2021 12:16:31.451 PM,13121,0.0824923,0.235,0.1094481,22.0028,0,NaN,NaN,null,0,0,0,0,0
07/09/2021 12:16:31.481 PM,13151,0.0824923,0.235,0.1094481,22.00279,0,NaN,NaN,null,0,0,0,0,0
07/09/2021 12:16:31.516 PM,13186,0.0824923,0.235,0.1094481,22.00278,0,NaN,NaN,null,0,0,0,0,0
07/09/2021 12:16:31.548 PM,13218,0.0824923,0.235,0.1094481,22.00289,0,NaN,NaN,null,0,0,0,0,0
07/09/2021 12:16:31.595 PM,13265,0.0824923,0.235,0.1094481,22.0029,0,NaN,NaN,null,0,0,0,0,0
07/09/2021 12:16:31.628 PM,13298,0.0824923,0.235,0.1094481,22.00277,0,NaN,NaN,null,0,0,0,0,0
07/09/2021 12:16:31.658 PM,13328,0.0824923,0.235,0.1094481,22.00278,0,NaN,NaN,null,0,0,0,0,0
07/09/2021 12:16:31.692 PM,13362,0.0824923,0.235,0.1094481,22.0029,0,NaN,NaN,null,0,0,0,0,0
07/09/2021 12:16:31.724 PM,13394,0.0824923,0.235,0.1094481,22.00278,0,NaN,NaN,null,0,0,0,0,0
07/09/2021 12:16:31.756 PM,13426,0.0824923,0.235,0.1094481,22.00279,0,NaN,NaN,null,0,0,0,0,0
07/09/2021 12:16:31.793 PM,13463,0.0824923,0.235,0.1094481,22.00273,0,NaN,NaN,null,0,0,0,0,0
07/09/2021 12:16:31.833 PM,13503,0.0824923,0.235,0.1094481,22.00269,0,NaN,NaN,null,0,0,0,0,0
07/09/2021 12:16:31.865 PM,13535,0.0824923,0.235,0.1094481,22.00266,0,NaN,NaN,null,0,0,0,0,0
07/09/2021 12:16:31.900 PM,13570,0.0824923,0.235,0.1094481,22.00291,0,NaN,NaN,null,0,0,0,0,0
07/09/2021 12:16:31.931 PM,13601,0.0824923,0.235,0.1094481,22.00271,0,NaN,NaN,null,0,0,0,0,0
07/09/2021 12:16:31.963 PM,13633,0.0824923,0.235,0.1094481,22.00282,0,NaN,NaN,null,0,0,0,0,0
07/09/2021 12:16:31.995 PM,13665,0.0824923,0.235,0.1094481,22.0027,0,NaN,NaN,null,0,0,0,0,0
07/09/2021 12:16:32.038 PM,13708,0.0824923,0.235,0.1094481,22.00264,0,NaN,NaN,null,0,0,0,0,0
07/09/2021 12:16:32.071 PM,13741,0.0824923,0.235,0.1094481,22.00276,0,NaN,NaN,null,0,0,0,0,0
07/09/2021 12:16:32.104 PM,13774,0.0824923,0.235,0.1094481,22.00278,0,NaN,NaN,null,0,0,0,0,0
07/09/2021 12:16:32.136 PM,13806,0.0824923,0.235,0.1094481,22.00282,0,NaN,NaN,null,0,0,0,0,0
07/09/2021 12:16:32.168 PM,13838,0.0824923,0.235,0.1094481,22.00272,0,NaN,NaN,null,0,0,0,0,0
07/09/2021 12:16:32.201 PM,13871,0.0824923,0.235,0.1094481,22.00261,0,NaN,NaN,null,0,0,0,0,0
07/09/2021 12:16:32.251 PM,13921,0.0824923,0.235,0.1094481,22.00273,0,NaN,NaN,null,0,0,0,0,0
07/09/2021 12:16:32.280 PM,13950,0.0824923,0.235,0.1094481,22.00288,0,NaN,NaN,null,0,0,0,0,0
07/09/2021 12:16:32.311 PM,13981,0.0824923,0.235,0.1094481,22.00285,0,NaN,NaN,null,0,0,0,0,0
07/09/2021 12:16:32.343 PM,14013,0.0824923,0.235,0.1094481,22.00282,0,NaN,NaN,null,0,0,0,0,0
07/09/2021 12:16:32.375 PM,14045,0.0824923,0.235,0.1094481,22.00279,0,NaN,NaN,null,0,0,0,0,0
07/09/2021 12:16:32.421 PM,14091,0.0824923,0.235,0.1094481,22.00276,0,NaN,NaN,null,0,0,0,0,0
07/09/2021 12:16:32.452 PM,14122,0.0824923,0.235,0.1094481,22.0028,0,NaN,NaN,null,0,0,0,0,0
07/09/2021 12:16:32.484 PM,14154,0.0824923,0.235,0.1094481,22.00281,0,NaN,NaN,null,0,0,0,0,0
07/09/2021 12:16:32.516 PM,14186,0.0824923,0.235,0.1094481,22.00282,0,NaN,NaN,null,0,0,0,0,0
07/09/2021 12:16:32.548 PM,14218,0.0824923,0.235,0.1094481,22.00283,0,NaN,NaN,null,0,0,0,0,0
07/09/2021 12:16:32.580 PM,14250,0.0824923,0.235,0.1094481,22.00284,0,NaN,NaN,null,0,0,0,0,0
07/09/2021 12:16:32.625 PM,14295,0.0824923,0.235,0.1094481,22.00285,0,NaN,NaN,null,0,0,0,0,0
07/09/2021 12:16:32.656 PM,14326,0.0824923,0.235,0.1094481,22.00281,0,NaN,NaN,null,0,0,0,0,0
07/09/2021 12:16:32.687 PM,14357,0.0824923,0.235,0.1094481,22.00282,0,NaN,NaN,null,0,0,0,0,0
07/09/2021 12:16:32.718 PM,14388,0.0824923,0.235,0.1094481,22.00283,0,NaN,NaN,null,0,0,0,0,0
07/09/2021 12:16:32.769 PM,14439,0.0824923,0.235,0.1094481,22.00286,0,NaN,NaN,null,0,0,0,0,0
07/09/2021 12:16:32.798 PM,14468,0.0824923,0.235,0.1094481,22.00281,0,NaN,NaN,null,0,0,0,0,0
07/09/2021 12:16:32.829 PM,14499,0.0824923,0.235,0.1094481,22.00283,0,NaN,NaN,null,0,0,0,0,0
07/09/2021 12:16:32.863 PM,14533,0.0824923,0.235,0.1094481,22.00282,0,NaN,NaN,null,0,0,0,0,0
07/09/2021 12:16:32.898 PM,14568,0.0824923,0.235,0.1094481,22.00277,0,NaN,NaN,null,0,0,0,0,0
07/09/2021 12:16:32.930 PM,14600,0.0824923,0.235,0.1094481,22.00276,0,NaN,NaN,null,0,0,0,0,0
07/09/2021 12:16:32.963 PM,14633,0.0824923,0.235,0.1094481,22.00273,0,NaN,NaN,null,0,0,0,0,0
07/09/2021 12:16:32.994 PM,14664,0.0824923,0.235,0.1094481,22.00277,0,NaN,NaN,null,0,0,0,0,0
07/09/2021 12:16:33.037 PM,14707,0.0824923,0.235,0.1094481,22.00277,0,NaN,NaN,null,0,0,0,0,0
07/09/2021 12:16:33.071 PM,14741,0.0824923,0.235,0.1094481,22.00279,0,NaN,NaN,null,0,0,0,0,0
07/09/2021 12:16:33.102 PM,14772,0.0824923,0.235,0.1094481,22.00281,0,NaN,NaN,null,0,0,0,0,0
07/09/2021 12:16:33.134 PM,14804,0.0824923,0.235,0.1094481,22.00292,0,NaN,NaN,null,0,0,0,0,0
07/09/2021 12:16:33.175 PM,14845,0.0824923,0.235,0.1094481,22.00278,0,NaN,NaN,null,0,0,0,0,0
07/09/2021 12:16:33.207 PM,14877,0.0824923,0.235,0.1094481,22.00283,0,NaN,NaN,null,0,0,0,0,0
07/09/2021 12:16:33.239 PM,14909,0.0824923,0.235,0.1094481,22.0028,0,NaN,NaN,null,0,0,0,0,0
07/09/2021 12:16:33.273 PM,14943,0.0824923,0.235,0.1094481,22.00284,0,NaN,NaN,null,0,0,0,0,0
07/09/2021 12:16:33.306 PM,14976,0.0824923,0.235,0.1094481,22.00283,0,NaN,NaN,null,0,0,0,0,0
07/09/2021 12:16:33.342 PM,15012,0.0824923,0.235,0.1094481,22.00279,0,NaN,NaN,null,0,0,0,0,0
07/09/2021 12:16:33.374 PM,15044,0.0824923,0.235,0.1094481,22.00278,0,NaN,NaN,null,0,0,0,0,0
07/09/2021 12:16:33.417 PM,15087,0.0824923,0.235,0.1094481,22.0028,0,NaN,NaN,null,0,0,0,0,0
07/09/2021 12:16:33.448 PM,15118,0.0824923,0.235,0.1094481,22.00277,0,NaN,NaN,null,0,0,0,0,0
07/09/2021 12:16:33.482 PM,15152,0.0824923,0.235,0.1094481,22.00277,0,NaN,NaN,null,0,0,0,0,0
07/09/2021 12:16:33.514 PM,15184,0.0824923,0.235,0.1094481,22.00279,0,NaN,NaN,null,0,0,0,0,0
07/09/2021 12:16:33.549 PM,15219,0.0824923,0.235,0.1094481,22.00279,0,NaN,NaN,null,0,0,0,0,0
07/09/2021 12:16:33.581 PM,15251,0.0824923,0.235,0.1094481,22.00278,0,NaN,NaN,null,0,0,0,0,0
07/09/2021 12:16:33.630 PM,15300,0.0824923,0.235,0.1094481,22.00278,0,NaN,NaN,null,0,0,0,0,0
07/09/2021 12:16:33.657 PM,15327,0.0824923,0.235,0.1094481,22.00278,0,NaN,NaN,null,0,0,0,0,0
07/09/2021 12:16:33.687 PM,15357,0.0824923,0.235,0.1094481,22.00277,0,NaN,NaN,null,0,0,0,0,0
07/09/2021 12:16:33.719 PM,15389,0.0824923,0.235,0.1094481,22.00275,0,NaN,NaN,null,0,0,0,0,0
07/09/2021 12:16:33.753 PM,15423,0.0824923,0.235,0.1094481,22.00276,0,NaN,NaN,null,0,0,0,0,0
07/09/2021 12:16:33.796 PM,15466,0.0824923,0.235,0.1094481,22.00277,0,NaN,NaN,null,0,0,0,0,0
07/09/2021 12:16:33.826 PM,15496,0.0824923,0.235,0.1094481,22.00281,0,NaN,NaN,null,0,0,0,0,0
07/09/2021 12:16:33.858 PM,15528,0.0824923,0.235,0.1094481,22.00278,0,NaN,NaN,null,0,0,0,0,0
07/09/2021 12:16:33.895 PM,15565,0.0824923,0.235,0.1094481,22.00276,0,NaN,NaN,null,0,0,0,0,0
07/09/2021 12:16:33.925 PM,15595,0.0824923,0.235,0.1094481,22.00276,0,NaN,NaN,null,0,0,0,0,0
07/09/2021 12:16:33.972 PM,15642,0.0824923,0.235,0.1094481,22.00274,0,NaN,NaN,null,0,0,0,0,0
07/09/2021 12:16:34.002 PM,15672,0.0824923,0.235,0.1094481,22.00281,0,NaN,NaN,null,0,0,0,0,0
07/09/2021 12:16:34.033 PM,15703,0.0824923,0.235,0.1094481,22.00284,0,NaN,NaN,null,0,0,0,0,0
07/09/2021 12:16:34.065 PM,15735,0.0824923,0.235,0.1094481,22.00287,0,NaN,NaN,null,0,0,0,0,0
07/09/2021 12:16:34.098 PM,15768,0.0824923,0.235,0.1094481,22.00289,0,NaN,NaN,null,0,0,0,0,0
07/09/2021 12:16:34.129 PM,15799,0.0824923,0.235,0.1094481,22.00283,0,NaN,NaN,null,0,0,0,0,0
07/09/2021 12:16:34.179 PM,15849,0.0824923,0.235,0.1094481,22.00278,0,NaN,NaN,null,0,0,0,0,0
07/09/2021 12:16:34.210 PM,15880,0.0824923,0.235,0.1094481,22.00268,0,NaN,NaN,null,0,0,0,0,0
07/09/2021 12:16:34.239 PM,15909,0.0824923,0.235,0.1094481,22.00254,0,NaN,NaN,null,0,0,0,0,0
07/09/2021 12:16:34.272 PM,15942,0.0824923,0.235,0.1094481,22.00243,0,NaN,NaN,null,0,0,0,0,0
07/09/2021 12:16:34.306 PM,15976,0.0824923,0.235,0.1094481,22.00217,0,NaN,NaN,null,0,0,0,0,0
07/09/2021 12:16:34.338 PM,16008,0.0824923,0.235,0.1094481,22.00182,0,NaN,NaN,null,0,0,0,0,0
07/09/2021 12:16:34.381 PM,16051,0.0824923,0.235,0.1094481,22.00115,0,NaN,NaN,null,0,0,0,0,0
07/09/2021 12:16:34.415 PM,16085,0.0824923,0.235,0.1094481,22.00131,0,NaN,NaN,null,0,0,0,0,0
07/09/2021 12:16:34.447 PM,16117,0.0824923,0.235,0.1094481,22.0004,0,NaN,NaN,null,0,0,0,0,0
07/09/2021 12:16:34.481 PM,16151,0.0824923,0.235,0.1094481,22.00045,0,NaN,NaN,null,0,0,0,0,0
07/09/2021 12:16:34.515 PM,16185,0.0824923,0.235,0.1094481,22.00062,0,NaN,NaN,null,0,0,0,0,0
07/09/2021 12:16:34.544 PM,16214,0.0824923,0.235,0.1094481,22.00115,0,NaN,NaN,null,0,0,0,0,0
07/09/2021 12:16:34.594 PM,16264,0.0824923,0.235,0.1094481,22.00105,0,NaN,NaN,null,0,0,0,0,0
07/09/2021 12:16:34.623 PM,16293,0.0824923,0.235,0.1094481,22.00192,0,NaN,NaN,null,0,0,0,0,0
07/09/2021 12:16:34.653 PM,16323,0.0824923,0.235,0.1094481,22.00247,0,NaN,NaN,null,0,0,0,0,0
07/09/2021 12:16:34.686 PM,16356,0.0824923,0.235,0.1094481,22.00151,0,NaN,NaN,null,0,0,0,0,0
07/09/2021 12:16:34.719 PM,16389,0.0824923,0.235,0.1094481,22.00138,0,NaN,NaN,null,0,0,0,0,0
07/09/2021 12:16:34.751 PM,16421,0.0824923,0.235,0.1094481,22.00097,0,NaN,NaN,null,0,0,0,0,0
07/09/2021 12:16:34.797 PM,16467,0.08270184,0.235,0.1083795,22.00045,0,NaN,NaN,null,0,0,0,0,0
07/09/2021 12:16:34.828 PM,16498,0.08328681,0.235,0.106926,22.00081,0,NaN,NaN,null,0,0,0,0,0
07/09/2021 12:16:34.859 PM,16529,0.08396478,0.235,0.1058331,22.00102,0,NaN,NaN,null,0,0,0,0,0
07/09/2021 12:16:34.891 PM,16561,0.08484984,0.235,0.1048353,22.00158,0,NaN,NaN,null,0,0,0,0,0
07/09/2021 12:16:34.924 PM,16594,0.08562908,0.235,0.1040697,22.00188,0,NaN,NaN,null,0,0,0,0,0
07/09/2021 12:16:34.955 PM,16625,0.08684862,0.235,0.1030738,22.00214,0,NaN,NaN,null,0,0,0,0,0
07/09/2021 12:16:35.006 PM,16676,0.08852196,0.235,0.1022502,22.00307,0,NaN,NaN,null,0,0,0,0,0
07/09/2021 12:16:35.037 PM,16707,0.09175134,0.235,0.101092,22.00417,0,NaN,NaN,null,0,0,0,0,0
07/09/2021 12:16:35.066 PM,16736,0.09399027,0.235,0.1002244,22.00398,0,NaN,NaN,null,0,0,0,0,0
07/09/2021 12:16:35.101 PM,16771,0.09592945,0.235,0.09943608,22.00386,0,NaN,NaN,null,0,0,0,0,0
07/09/2021 12:16:35.133 PM,16803,0.09797843,0.235,0.09866958,22.00407,0,NaN,NaN,null,0,0,0,0,0
07/09/2021 12:16:35.167 PM,16837,0.09975715,0.235,0.09768526,22.0031,0,NaN,NaN,null,0,0,0,0,0
07/09/2021 12:16:35.200 PM,16870,0.1020139,0.235,0.09626596,22.00248,0,NaN,NaN,null,0,0,0,0,0
07/09/2021 12:16:35.246 PM,16916,0.1043046,0.235,0.0948476,22.00232,0,NaN,NaN,null,0,0,0,0,0
07/09/2021 12:16:35.275 PM,16945,0.107488,0.235,0.09264103,22.0016,0,NaN,NaN,null,0,0,0,0,0
07/09/2021 12:16:35.306 PM,16976,0.1099711,0.235,0.09080746,22.00115,0,NaN,NaN,null,0,0,0,0,0
07/09/2021 12:16:35.340 PM,17010,0.1121315,0.235,0.089166,22.00093,0,NaN,NaN,null,0,0,0,0,0
07/09/2021 12:16:35.371 PM,17041,0.1157808,0.235,0.08672608,22.00115,0,NaN,NaN,null,0,0,0,0,0
07/09/2021 12:16:35.406 PM,17076,0.1192247,0.235,0.08435741,22.0007,0,NaN,NaN,null,0,0,0,0,0
07/09/2021 12:16:35.451 PM,17121,0.122868,0.235,0.08084369,21.99746,0,NaN,NaN,null,0,0,0,0,0
07/09/2021 12:16:35.481 PM,17151,0.1293439,0.235,0.07513712,21.99764,0,NaN,NaN,null,0,0,0,0,0
07/09/2021 12:16:35.516 PM,17186,0.1335011,0.235,0.07125898,21.99628,0,NaN,NaN,null,0,0,0,0,0
07/09/2021 12:16:35.547 PM,17217,0.1395346,0.235,0.06449274,21.99188,0,NaN,NaN,null,0,0,0,0,0
07/09/2021 12:16:35.579 PM,17249,0.1445444,0.235,0.05734879,21.98771,0,NaN,NaN,null,0,0,0,0,0
07/09/2021 12:16:35.610 PM,17280,0.1495878,0.235,0.05045227,21.98904,0,NaN,NaN,null,0,0,0,0,0
07/09/2021 12:16:35.655 PM,17325,0.1529685,0.235,0.04524383,21.98953,0,NaN,NaN,null,0,0,0,0,0
07/09/2021 12:16:35.686 PM,17356,0.1592051,0.235,0.03634235,21.99149,0,NaN,NaN,null,0,0,0,0,0
07/09/2021 12:16:35.718 PM,17388,0.16317,0.235,0.03093763,21.99265,0,NaN,NaN,null,0,0,0,0,0
07/09/2021 12:16:35.751 PM,17421,0.165984,0.235,0.02640551,21.99196,0,NaN,NaN,null,0,0,0,0,0
07/09/2021 12:16:35.794 PM,17464,0.1702722,0.235,0.01962915,21.99118,0,NaN,NaN,null,0,0,0,0,0
07/09/2021 12:16:35.826 PM,17496,0.1748959,0.235,0.01187258,21.98915,0,NaN,NaN,null,0,0,0,0,0
07/09/2021 12:16:35.857 PM,17527,0.1784154,0.235,0.005616642,21.98873,0,NaN,NaN,null,0,0,0,0,0
07/09/2021 12:16:35.890 PM,17560,0.1828793,0.235,-0.001228423,21.98891,0,NaN,NaN,null,0,0,0,0,0
07/09/2021 12:16:35.921 PM,17591,0.18803,0.235,-0.00820855,21.98886,0,NaN,NaN,null,0,0,0,0,0
07/09/2021 12:16:35.968 PM,17638,0.1934055,0.235,-0.01699758,21.98347,0,NaN,NaN,null,0,0,0,0,0
07/09/2021 12:16:35.997 PM,17667,0.202188,0.235,-0.03127656,21.98139,0,NaN,NaN,null,0,0,0,0,0
07/09/2021 12:16:36.030 PM,17700,0.2071013,0.235,-0.04035784,21.9789,0,NaN,NaN,null,0,0,0,0,0
07/09/2021 12:16:36.064 PM,17734,0.2131513,0.235,-0.05007643,21.98149,0,NaN,NaN,null,0,0,0,0,0
07/09/2021 12:16:36.096 PM,17766,0.2197321,0.235,-0.06032776,21.98315,0,NaN,NaN,null,0,0,0,0,0
07/09/2021 12:16:36.129 PM,17799,0.2254859,0.235,-0.06992294,21.98186,0,NaN,NaN,null,0,0,0,0,0
07/09/2021 12:16:36.172 PM,17842,0.2313994,0.235,-0.07964746,21.98129,0,NaN,NaN,null,0,0,0,0,0
07/09/2021 12:16:36.203 PM,17873,0.2400149,0.235,-0.09372564,21.98042,0,NaN,NaN,null,0,0,0,0,0
07/09/2021 12:16:36.235 PM,17905,0.2451777,0.235,-0.1027299,21.97924,0,NaN,NaN,null,0,0,0,0,0
07/09/2021 12:16:36.267 PM,17937,0.2508245,0.235,-0.1131308,21.97835,0,NaN,NaN,null,0,0,0,0,0
07/09/2021 12:16:36.314 PM,17984,0.257381,0.235,-0.1253969,21.9787,0,NaN,NaN,null,0,0,0,0,0
07/09/2021 12:16:36.343 PM,18013,0.2648374,0.235,-0.1398194,21.97852,0,NaN,NaN,null,0,0,0,0,0
07/09/2021 12:16:36.375 PM,18045,0.2704919,0.235,-0.1499957,21.98023,0,NaN,NaN,null,0,0,0,0,0
07/09/2021 12:16:36.407 PM,18077,0.2759146,0.235,-0.1593029,21.98137,0,NaN,NaN,null,0,0,0,0,0
07/09/2021 12:16:36.439 PM,18109,0.2809875,0.235,-0.1690503,21.98022,0,NaN,NaN,null,0,0,0,0,0
07/09/2021 12:16:36.483 PM,18153,0.2859649,0.235,-0.1789179,21.98009,0,NaN,NaN,null,0,0,0,0,0
07/09/2021 12:16:36.516 PM,18186,0.2928845,0.235,-0.1917401,21.98232,0,NaN,NaN,null,0,0,0,0,0
07/09/2021 12:16:36.548 PM,18218,0.2978106,0.235,-0.200922,21.98236,0,NaN,NaN,null,0,0,0,0,0
07/09/2021 12:16:36.582 PM,18252,0.3025469,0.235,-0.2097683,21.9823,0,NaN,NaN,null,0,0,0,0,0
07/09/2021 12:16:36.614 PM,18284,0.3081933,0.235,-0.2202958,21.98229,0,NaN,NaN,null,0,0,0,0,0
07/09/2021 12:16:36.648 PM,18318,0.3124911,0.235,-0.22832,21.9823,0,NaN,NaN,null,0,0,0,0,0
07/09/2021 12:16:36.680 PM,18350,0.3180227,0.235,-0.2387222,21.98222,0,NaN,NaN,null,0,0,0,0,0
07/09/2021 12:16:36.724 PM,18394,0.3229624,0.235,-0.2479989,21.98229,0,NaN,NaN,null,0,0,0,0,0
07/09/2021 12:16:36.755 PM,18425,0.3298257,0.235,-0.2608562,21.98239,0,NaN,NaN,null,0,0,0,0,0
07/09/2021 12:16:36.787 PM,18457,0.333955,0.235,-0.2685811,21.98246,0,NaN,NaN,null,0,0,0,0,0
07/09/2021 12:16:36.819 PM,18489,0.34008,0.235,-0.2799996,21.98229,0,NaN,NaN,null,0,0,0,0,0
07/09/2021 12:16:36.852 PM,18522,0.3445379,0.235,-0.2882677,21.98226,0,NaN,NaN,null,0,0,0,0,0
07/09/2021 12:16:36.897 PM,18567,0.3496214,0.235,-0.2976941,21.98211,0,NaN,NaN,null,0,0,0,0,0
07/09/2021 12:16:36.927 PM,18597,0.356554,0.235,-0.31057,21.98187,0,NaN,NaN,null,0,0,0,0,0
07/09/2021 12:16:36.961 PM,18631,0.3598141,0.235,-0.3182491,21.98177,0,NaN,NaN,null,0,0,0,0,0
