Timestamp, TimeSinceStart, PositionX, PositionY, PositionZ, RotationY, Collision, GoalX, GoalZ, UpArrow, DownArrow,  LeftArrow, RightArrow, Space
02-27-2021 10:43:45.934 AM, 18290, 0, 0.1008, 0, 33, 0, NaN, NaN, 0, 0, 0, 0, 0
02-27-2021 10:43:45.976 AM, 18332, 0, 0.1508, 0, 33.00001, 0, NaN, NaN, 0, 0, 0, 0, 0
02-27-2021 10:43:46.529 AM, 18885, 0, 0.155, 0, 32.99993, 0, NaN, NaN, 0, 0, 0, 0, 0
02-27-2021 10:43:46.557 AM, 18913, 0, 0.155, 0, 32.99995, 0, NaN, NaN, 0, 0, 0, 0, 0
02-27-2021 10:43:46.575 AM, 18931, 0, 0.155, 0, 32.99984, 0, NaN, NaN, 0, 0, 0, 0, 0
02-27-2021 10:43:46.593 AM, 18949, 0, 0.155, 0, 32.99973, 0, NaN, NaN, 0, 0, 0, 0, 0
02-27-2021 10:43:46.615 AM, 18971, 0, 0.155, 0, 32.99936, 0, NaN, NaN, 0, 0, 0, 0, 0
02-27-2021 10:43:46.630 AM, 18986, 0, 0.155, 0, 32.99931, 0, NaN, NaN, 0, 0, 0, 0, 0
02-27-2021 10:43:46.651 AM, 19007, 0, 0.155, 0, 32.99926, 0, NaN, NaN, 0, 0, 0, 0, 0
02-27-2021 10:43:46.670 AM, 19026, 0, 0.155, 0, 32.99921, 0, NaN, NaN, 0, 0, 0, 0, 0
02-27-2021 10:43:46.688 AM, 19044, 0, 0.155, 0, 32.99921, 0, NaN, NaN, 0, 0, 0, 0, 0
02-27-2021 10:43:46.706 AM, 19062, 0, 0.155, 0, 32.99921, 0, NaN, NaN, 0, 0, 0, 0, 0
02-27-2021 10:43:46.732 AM, 19088, 0, 0.155, 0, 32.9992, 0, NaN, NaN, 0, 0, 0, 0, 0
02-27-2021 10:43:46.765 AM, 19121, 0, 0.155, 0, 32.9992, 0, NaN, NaN, 0, 0, 0, 0, 0
02-27-2021 10:43:46.796 AM, 19152, 0, 0.155, 0, 32.99932, 0, NaN, NaN, 0, 0, 0, 0, 0
02-27-2021 10:43:46.827 AM, 19183, 0, 0.155, 0, 32.99946, 0, NaN, NaN, 0, 0, 0, 0, 0
02-27-2021 10:43:46.860 AM, 19216, 0, 0.155, 0, 32.99958, 0, NaN, NaN, 0, 0, 0, 0, 0
02-27-2021 10:43:46.905 AM, 19261, 0, 0.155, 0, 33.00014, 0, NaN, NaN, 0, 0, 0, 0, 0
02-27-2021 10:43:46.935 AM, 19291, 0, 0.155, 0, 33.0004, 0, NaN, NaN, 0, 0, 0, 0, 0
02-27-2021 10:43:46.966 AM, 19322, 0, 0.155, 0, 33.00053, 0, NaN, NaN, 0, 0, 0, 0, 0
02-27-2021 10:43:46.999 AM, 19355, 0, 0.155, 0, 33.00041, 0, NaN, NaN, 0, 0, 0, 0, 0
02-27-2021 10:43:47.043 AM, 19399, 0, 0.155, 0, 33.0003, 0, NaN, NaN, 0, 0, 0, 0, 0
02-27-2021 10:43:47.074 AM, 19430, 0, 0.155, 0, 33.00002, 0, NaN, NaN, 0, 0, 0, 0, 0
02-27-2021 10:43:47.107 AM, 19463, 0, 0.155, 0, 32.99943, 0, NaN, NaN, 0, 0, 0, 0, 0
02-27-2021 10:43:47.140 AM, 19496, 0, 0.155, 0, 32.99937, 0, NaN, NaN, 0, 0, 0, 0, 0
02-27-2021 10:43:47.170 AM, 19526, 0, 0.155, 0, 32.99918, 0, NaN, NaN, 0, 0, 0, 0, 0
02-27-2021 10:43:47.201 AM, 19557, 0, 0.155, 0, 32.99923, 0, NaN, NaN, 0, 0, 0, 0, 0
02-27-2021 10:43:47.244 AM, 19600, 0, 0.155, 0, 32.99918, 0, NaN, NaN, 0, 0, 0, 0, 0
02-27-2021 10:43:47.276 AM, 19632, 0, 0.155, 0, 32.9992, 0, NaN, NaN, 0, 0, 0, 0, 0
02-27-2021 10:43:47.307 AM, 19663, 0, 0.155, 0, 32.99916, 0, NaN, NaN, 0, 0, 0, 0, 0
02-27-2021 10:43:47.350 AM, 19706, 0, 0.155, 0, 32.99923, 0, NaN, NaN, 0, 0, 0, 0, 0
02-27-2021 10:43:47.384 AM, 19740, 0, 0.155, 0, 32.99926, 0, NaN, NaN, 0, 0, 0, 0, 0
02-27-2021 10:43:47.414 AM, 19770, 0, 0.155, 0, 32.99928, 0, NaN, NaN, 0, 0, 0, 0, 0
02-27-2021 10:43:47.446 AM, 19802, 0, 0.155, 0, 32.99926, 0, NaN, NaN, 0, 0, 0, 0, 0
02-27-2021 10:43:47.492 AM, 19848, 0, 0.155, 0, 32.99924, 0, NaN, NaN, 0, 0, 0, 0, 0
02-27-2021 10:43:47.522 AM, 19878, 0, 0.155, 0, 32.99926, 0, NaN, NaN, 0, 0, 0, 0, 0
02-27-2021 10:43:47.556 AM, 19912, 0, 0.155, 0, 32.99924, 0, NaN, NaN, 0, 0, 0, 0, 0
02-27-2021 10:43:47.586 AM, 19942, 0, 0.155, 0, 32.99921, 0, NaN, NaN, 0, 0, 0, 0, 0
02-27-2021 10:43:47.619 AM, 19975, 0, 0.155, 0, 32.9992, 0, NaN, NaN, 0, 0, 0, 0, 0
02-27-2021 10:43:47.652 AM, 20008, 0, 0.155, 0, 32.99911, 0, NaN, NaN, 0, 0, 0, 0, 0
02-27-2021 10:43:47.694 AM, 20050, 0, 0.155, 0, 32.99909, 0, NaN, NaN, 0, 0, 0, 0, 0
02-27-2021 10:43:47.725 AM, 20081, 0, 0.155, 0, 32.99911, 0, NaN, NaN, 0, 0, 0, 0, 0
02-27-2021 10:43:47.761 AM, 20117, 0, 0.155, 0, 32.99916, 0, NaN, NaN, 0, 0, 0, 0, 0
02-27-2021 10:43:47.800 AM, 20156, 0, 0.155, 0, 32.99923, 0, NaN, NaN, 0, 0, 0, 0, 0
02-27-2021 10:43:47.834 AM, 20190, 0, 0.155, 0, 32.99929, 0, NaN, NaN, 0, 0, 0, 0, 0
02-27-2021 10:43:47.864 AM, 20220, 0, 0.155, 0, 32.99928, 0, NaN, NaN, 0, 0, 0, 0, 0
02-27-2021 10:43:47.897 AM, 20253, 0, 0.155, 0, 32.99926, 0, NaN, NaN, 0, 0, 0, 0, 0
02-27-2021 10:43:47.929 AM, 20285, 0, 0.155, 0, 32.99923, 0, NaN, NaN, 0, 0, 0, 0, 0
02-27-2021 10:43:47.974 AM, 20330, 0, 0.155, 0, 32.99913, 0, NaN, NaN, 0, 0, 0, 0, 0
02-27-2021 10:43:48.006 AM, 20362, 0, 0.155, 0, 32.999, 0, NaN, NaN, 0, 0, 0, 0, 0
02-27-2021 10:43:48.038 AM, 20394, 0, 0.155, 0, 32.99898, 0, NaN, NaN, 0, 0, 0, 0, 0
02-27-2021 10:43:48.074 AM, 20430, 0, 0.155, 0, 32.99897, 0, NaN, NaN, 0, 0, 0, 0, 0
02-27-2021 10:43:48.104 AM, 20460, 0, 0.155, 0, 32.99901, 0, NaN, NaN, 0, 0, 0, 0, 0
02-27-2021 10:43:48.136 AM, 20492, 0, 0.155, 0, 32.99905, 0, NaN, NaN, 0, 0, 0, 0, 0
02-27-2021 10:43:48.167 AM, 20523, 0, 0.155, 0, 32.9991, 0, NaN, NaN, 0, 0, 0, 0, 0
02-27-2021 10:43:48.210 AM, 20566, 0, 0.155, 0, 32.99908, 0, NaN, NaN, 0, 0, 0, 0, 0
02-27-2021 10:43:48.245 AM, 20601, 0, 0.155, 0, 32.99909, 0, NaN, NaN, 0, 0, 0, 0, 0
02-27-2021 10:43:48.274 AM, 20630, 0, 0.155, 0, 32.99909, 0, NaN, NaN, 0, 0, 0, 0, 0
02-27-2021 10:43:48.306 AM, 20662, 0, 0.155, 0, 32.9991, 0, NaN, NaN, 0, 0, 0, 0, 0
02-27-2021 10:43:48.350 AM, 20706, 0, 0.155, 0, 32.99909, 0, NaN, NaN, 0, 0, 0, 0, 0
02-27-2021 10:43:48.380 AM, 20736, 0, 0.155, 0, 32.9991, 0, NaN, NaN, 0, 0, 0, 0, 0
02-27-2021 10:43:48.412 AM, 20768, 0, 0.155, 0, 32.9991, 0, NaN, NaN, 0, 0, 0, 0, 0
02-27-2021 10:43:48.445 AM, 20801, 0, 0.155, 0, 32.99909, 0, NaN, NaN, 0, 0, 0, 0, 0
02-27-2021 10:43:48.490 AM, 20846, 0, 0.155, 0, 32.9991, 0, NaN, NaN, 0, 0, 0, 0, 0
02-27-2021 10:43:48.521 AM, 20877, 0, 0.155, 0, 32.99911, 0, NaN, NaN, 0, 0, 0, 0, 0
02-27-2021 10:43:48.555 AM, 20911, 0, 0.155, 0, 32.99911, 0, NaN, NaN, 0, 0, 0, 0, 0
02-27-2021 10:43:48.586 AM, 20942, 0, 0.155, 0, 32.99907, 0, NaN, NaN, 0, 0, 0, 0, 0
02-27-2021 10:43:48.619 AM, 20975, 0, 0.155, 0, 32.99907, 0, NaN, NaN, 0, 0, 0, 0, 0
02-27-2021 10:43:48.662 AM, 21018, 0, 0.155, 0, 32.99902, 0, NaN, NaN, 0, 0, 0, 0, 0
02-27-2021 10:43:48.692 AM, 21048, 0, 0.155, 0, 32.99902, 0, NaN, NaN, 0, 0, 0, 0, 0
02-27-2021 10:43:48.725 AM, 21081, 0, 0.155, 0, 32.99901, 0, NaN, NaN, 0, 0, 0, 0, 0
02-27-2021 10:43:48.756 AM, 21112, 0, 0.155, 0, 32.9991, 0, NaN, NaN, 0, 0, 0, 0, 0
02-27-2021 10:43:48.788 AM, 21144, 0, 0.155, 0, 32.99912, 0, NaN, NaN, 0, 0, 0, 0, 0
02-27-2021 10:43:48.833 AM, 21189, 0, 0.155, 0, 32.99915, 0, NaN, NaN, 0, 0, 0, 0, 0
02-27-2021 10:43:48.864 AM, 21220, 0, 0.155, 0, 32.99915, 0, NaN, NaN, 0, 0, 0, 0, 0
02-27-2021 10:43:48.898 AM, 21254, 0, 0.155, 0, 32.9991, 0, NaN, NaN, 0, 0, 0, 0, 0
02-27-2021 10:43:48.929 AM, 21285, 0, 0.155, 0, 32.99908, 0, NaN, NaN, 0, 0, 0, 0, 0
02-27-2021 10:43:48.961 AM, 21317, 0, 0.155, 0, 32.9991, 0, NaN, NaN, 0, 0, 0, 0, 0
02-27-2021 10:43:49.007 AM, 21363, 0, 0.155, 0, 32.99909, 0, NaN, NaN, 0, 0, 0, 0, 0
02-27-2021 10:43:49.037 AM, 21393, 0, 0.155, 0, 32.9991, 0, NaN, NaN, 0, 0, 0, 0, 0
02-27-2021 10:43:49.070 AM, 21426, 0, 0.155, 0, 32.9991, 0, NaN, NaN, 0, 0, 0, 0, 0
02-27-2021 10:43:49.101 AM, 21457, 0, 0.155, 0, 32.99911, 0, NaN, NaN, 0, 0, 0, 0, 0
02-27-2021 10:43:49.133 AM, 21489, 0, 0.155, 0, 32.99911, 0, NaN, NaN, 0, 0, 0, 0, 0
02-27-2021 10:43:49.177 AM, 21533, 0, 0.155, 0, 32.99913, 0, NaN, NaN, 0, 0, 0, 0, 0
02-27-2021 10:43:49.209 AM, 21565, 0, 0.155, 0, 32.99917, 0, NaN, NaN, 0, 0, 0, 0, 0
02-27-2021 10:43:49.243 AM, 21599, 0, 0.155, 0, 33.18251, 0, NaN, NaN, 0, 0, 1, 0, 0
02-27-2021 10:43:49.275 AM, 21631, 0, 0.155, 0, 33.46096, 0, NaN, NaN, 0, 0, 1, 0, 0
02-27-2021 10:43:49.306 AM, 21662, 0, 0.155, 0, 34.00715, 0, NaN, NaN, 0, 0, 1, 0, 0
02-27-2021 10:43:49.341 AM, 21697, 0, 0.155, 0, 34.53698, 0, NaN, NaN, 0, 0, 1, 0, 0
02-27-2021 10:43:49.373 AM, 21729, 0, 0.155, 0, 35.42767, 0, NaN, NaN, 0, 0, 1, 0, 0
02-27-2021 10:43:49.420 AM, 21776, 0, 0.155, 0, 36.06139, 0, NaN, NaN, 0, 0, 0, 0, 0
02-27-2021 10:43:49.451 AM, 21807, 0, 0.155, 0, 36.66881, 0, NaN, NaN, 0, 0, 0, 0, 0
02-27-2021 10:43:49.482 AM, 21838, 0, 0.155, 0, 36.90156, 0, NaN, NaN, 0, 0, 0, 0, 0
02-27-2021 10:43:49.514 AM, 21870, 0, 0.155, 0, 37.01811, 0, NaN, NaN, 0, 0, 0, 0, 0
02-27-2021 10:43:49.548 AM, 21904, 0, 0.155, 0, 37.01816, 0, NaN, NaN, 0, 0, 0, 0, 0
02-27-2021 10:43:49.592 AM, 21948, 0, 0.155, 0, 37.01819, 0, NaN, NaN, 0, 0, 0, 0, 0
02-27-2021 10:43:49.623 AM, 21979, 0, 0.155, 0, 37.01828, 0, NaN, NaN, 0, 0, 0, 0, 0
02-27-2021 10:43:49.657 AM, 22013, 0, 0.155, 0, 37.01839, 0, NaN, NaN, 0, 0, 0, 0, 0
02-27-2021 10:43:49.686 AM, 22042, 0, 0.155, 0, 37.01859, 0, NaN, NaN, 0, 0, 0, 0, 0
02-27-2021 10:43:49.718 AM, 22074, 0, 0.155, 0, 37.01862, 0, NaN, NaN, 0, 0, 0, 0, 0
02-27-2021 10:43:49.761 AM, 22117, 0, 0.155, 0, 37.01891, 0, NaN, NaN, 0, 0, 0, 0, 0
02-27-2021 10:43:49.795 AM, 22151, 0, 0.155, 0, 37.01865, 0, NaN, NaN, 0, 0, 0, 0, 0
02-27-2021 10:43:49.825 AM, 22181, 0, 0.155, 0, 37.01848, 0, NaN, NaN, 0, 0, 0, 0, 0
02-27-2021 10:43:49.859 AM, 22215, 0, 0.155, 0, 37.01817, 0, NaN, NaN, 0, 0, 0, 0, 0
02-27-2021 10:43:49.891 AM, 22247, 0, 0.155, 0, 37.01815, 0, NaN, NaN, 0, 0, 0, 0, 0
02-27-2021 10:43:49.936 AM, 22292, 0, 0.155, 0, 37.018, 0, NaN, NaN, 0, 0, 0, 0, 0
02-27-2021 10:43:49.966 AM, 22322, 0, 0.155, 0, 37.01792, 0, NaN, NaN, 0, 0, 0, 0, 0
02-27-2021 10:43:49.998 AM, 22354, 0, 0.155, 0, 37.01792, 0, NaN, NaN, 0, 0, 0, 0, 0
02-27-2021 10:43:50.030 AM, 22386, 0, 0.155, 0, 37.01796, 0, NaN, NaN, 0, 0, 0, 0, 0
02-27-2021 10:43:50.063 AM, 22419, 0, 0.155, 0, 37.01801, 0, NaN, NaN, 0, 0, 0, 0, 0
02-27-2021 10:43:50.108 AM, 22464, 0, 0.155, 0, 37.01801, 0, NaN, NaN, 0, 0, 0, 0, 0
02-27-2021 10:43:50.139 AM, 22495, 0, 0.155, 0, 37.01801, 0, NaN, NaN, 0, 0, 0, 0, 0
02-27-2021 10:43:50.173 AM, 22529, 0, 0.155, 0, 37.01801, 0, NaN, NaN, 0, 0, 0, 0, 0
02-27-2021 10:43:50.203 AM, 22559, 0, 0.155, 0, 37.01802, 0, NaN, NaN, 0, 0, 0, 0, 0
02-27-2021 10:43:50.235 AM, 22591, 0, 0.155, 0, 37.01804, 0, NaN, NaN, 0, 0, 0, 0, 0
02-27-2021 10:43:50.279 AM, 22635, 0, 0.155, 0, 37.01801, 0, NaN, NaN, 0, 0, 0, 0, 0
02-27-2021 10:43:50.312 AM, 22668, 0, 0.155, 0, 37.01801, 0, NaN, NaN, 0, 0, 0, 0, 0
02-27-2021 10:43:50.346 AM, 22702, 0, 0.155, 0, 37.018, 0, NaN, NaN, 0, 0, 0, 0, 0
02-27-2021 10:43:50.377 AM, 22733, 0, 0.155, 0, 36.86734, 0, NaN, NaN, 0, 0, 0, 1, 0
02-27-2021 10:43:50.409 AM, 22765, 0, 0.155, 0, 36.55844, 0, NaN, NaN, 0, 0, 0, 1, 0
02-27-2021 10:43:50.442 AM, 22798, 0, 0.155, 0, 36.10032, 0, NaN, NaN, 0, 0, 0, 1, 0
02-27-2021 10:43:50.488 AM, 22844, 0, 0.155, 0, 35.48376, 0, NaN, NaN, 0, 0, 0, 1, 0
02-27-2021 10:43:50.519 AM, 22875, 0, 0.155, 0, 34.20957, 0, NaN, NaN, 0, 0, 0, 1, 0
02-27-2021 10:43:50.551 AM, 22907, 0, 0.155, 0, 33.36845, 0, NaN, NaN, 0, 0, 0, 1, 0
02-27-2021 10:43:50.584 AM, 22940, 0, 0.155, 0, 32.05564, 0, NaN, NaN, 0, 0, 0, 1, 0
02-27-2021 10:43:50.614 AM, 22970, 0, 0.155, 0, 30.74702, 0, NaN, NaN, 0, 0, 0, 1, 0
02-27-2021 10:43:50.658 AM, 23014, 0, 0.155, 0, 29.50609, 0, NaN, NaN, 0, 0, 0, 1, 0
02-27-2021 10:43:50.690 AM, 23046, 0, 0.155, 0, 27.30681, 0, NaN, NaN, 0, 0, 0, 1, 0
02-27-2021 10:43:50.721 AM, 23077, 0, 0.155, 0, 25.70469, 0, NaN, NaN, 0, 0, 0, 1, 0
02-27-2021 10:43:50.754 AM, 23110, 0, 0.155, 0, 24.25833, 0, NaN, NaN, 0, 0, 0, 0, 0
02-27-2021 10:43:50.786 AM, 23142, 0, 0.155, 0, 22.9656, 0, NaN, NaN, 0, 0, 0, 0, 0
02-27-2021 10:43:50.833 AM, 23189, 0, 0.155, 0, 21.82641, 0, NaN, NaN, 0, 0, 0, 0, 0
02-27-2021 10:43:50.863 AM, 23219, 0, 0.155, 0, 20.46564, 0, NaN, NaN, 0, 0, 0, 0, 0
02-27-2021 10:43:50.898 AM, 23254, 0, 0.155, 0, 19.78823, 0, NaN, NaN, 0, 0, 0, 0, 0
02-27-2021 10:43:50.928 AM, 23284, 0, 0.155, 0, 19.10804, 0, NaN, NaN, 0, 0, 0, 0, 0
02-27-2021 10:43:50.961 AM, 23317, 0, 0.155, 0, 18.65908, 0, NaN, NaN, 0, 0, 0, 0, 0
02-27-2021 10:43:50.994 AM, 23350, 0, 0.155, 0, 18.36574, 0, NaN, NaN, 0, 0, 0, 0, 0
02-27-2021 10:43:51.027 AM, 23383, 0, 0.155, 0, 18.22535, 0, NaN, NaN, 0, 0, 0, 0, 0
02-27-2021 10:43:51.072 AM, 23428, 0, 0.155, 0, 18.22535, 0, NaN, NaN, 0, 0, 0, 0, 0
02-27-2021 10:43:51.103 AM, 23459, 0, 0.155, 0, 18.22536, 0, NaN, NaN, 0, 0, 0, 0, 0
02-27-2021 10:43:51.135 AM, 23491, 0, 0.155, 0, 18.22536, 0, NaN, NaN, 0, 0, 0, 0, 0
02-27-2021 10:43:51.165 AM, 23521, 0, 0.235, 0, 18.22536, 0, NaN, NaN, 1, 0, 0, 0, 0
02-27-2021 10:43:51.207 AM, 23563, -0.001678243, 0.235, -0.005096802, 18.22535, 0, NaN, NaN, 1, 0, 0, 0, 0
02-27-2021 10:43:51.239 AM, 23595, -0.005548232, 0.235, -0.01684991, 18.22549, 0, NaN, NaN, 1, 0, 0, 0, 0
02-27-2021 10:43:51.272 AM, 23628, -0.009627745, 0.235, -0.02923924, 18.22551, 0, NaN, NaN, 1, 0, 0, 0, 0
02-27-2021 10:43:51.305 AM, 23661, -0.01553816, 0.235, -0.04718892, 18.22553, 0, NaN, NaN, 1, 0, 0, 0, 0
02-27-2021 10:43:51.337 AM, 23693, -0.02159922, 0.235, -0.06559609, 18.22556, 0, NaN, NaN, 1, 0, 0, 0, 0
02-27-2021 10:43:51.382 AM, 23738, -0.02870622, 0.235, -0.0871797, 18.2255, 0, NaN, NaN, 1, 0, 0, 0, 0
02-27-2021 10:43:51.415 AM, 23771, -0.03663527, 0.235, -0.1112599, 18.2255, 0, NaN, NaN, 0, 0, 0, 0, 0
02-27-2021 10:43:51.445 AM, 23801, -0.04191108, 0.235, -0.1272824, 18.22549, 0, NaN, NaN, 0, 0, 0, 0, 0
02-27-2021 10:43:51.479 AM, 23835, -0.04528058, 0.235, -0.1375154, 18.22546, 0, NaN, NaN, 0, 0, 0, 0, 0
02-27-2021 10:43:51.512 AM, 23868, -0.04816413, 0.235, -0.1462726, 18.22549, 0, NaN, NaN, 0, 0, 0, 0, 0
02-27-2021 10:43:51.546 AM, 23902, -0.05020873, 0.235, -0.152482, 18.22552, 0, NaN, NaN, 0, 0, 0, 0, 0
02-27-2021 10:43:51.582 AM, 23938, -0.05105196, 0.235, -0.1550429, 18.22555, 0, NaN, NaN, 0, 0, 0, 0, 0
02-27-2021 10:43:51.622 AM, 23978, -0.05105196, 0.235, -0.1550429, 18.22549, 0, NaN, NaN, 0, 0, 0, 0, 0
02-27-2021 10:43:51.655 AM, 24011, -0.05105196, 0.235, -0.1550429, 18.2254, 0, NaN, NaN, 0, 0, 0, 0, 0
02-27-2021 10:43:51.687 AM, 24043, -0.05105196, 0.235, -0.1550429, 18.22547, 0, NaN, NaN, 0, 0, 0, 0, 0
02-27-2021 10:43:51.719 AM, 24075, -0.05105196, 0.235, -0.1550429, 18.22554, 0, NaN, NaN, 0, 0, 0, 0, 0
02-27-2021 10:43:51.749 AM, 24105, -0.05105196, 0.235, -0.1550429, 18.22553, 0, NaN, NaN, 0, 0, 0, 0, 0
02-27-2021 10:43:51.797 AM, 24153, -0.05105196, 0.235, -0.1550429, 18.22548, 0, NaN, NaN, 0, 0, 0, 0, 0
02-27-2021 10:43:51.826 AM, 24182, -0.05105196, 0.235, -0.1550429, 18.22556, 0, NaN, NaN, 0, 0, 0, 0, 0
02-27-2021 10:43:51.859 AM, 24215, -0.05200773, 0.235, -0.1579455, 18.22555, 0, NaN, NaN, 1, 0, 0, 0, 0
02-27-2021 10:43:51.890 AM, 24246, -0.05395202, 0.235, -0.1638502, 18.22551, 0, NaN, NaN, 1, 0, 0, 0, 0
02-27-2021 10:43:51.922 AM, 24278, -0.05634157, 0.235, -0.1711072, 18.22557, 0, NaN, NaN, 1, 0, 0, 0, 0
02-27-2021 10:43:51.965 AM, 24321, -0.06004407, 0.235, -0.1823515, 18.22577, 0, NaN, NaN, 1, 0, 0, 0, 0
02-27-2021 10:43:51.997 AM, 24353, -0.06695678, 0.235, -0.2033448, 18.22605, 0, NaN, NaN, 1, 0, 0, 0, 0
02-27-2021 10:43:52.029 AM, 24385, -0.07303361, 0.235, -0.2217993, 18.22558, 0, NaN, NaN, 1, 0, 0, 0, 0
02-27-2021 10:43:52.061 AM, 24417, -0.08104523, 0.235, -0.2461301, 18.22555, 0, NaN, NaN, 1, 0, 0, 0, 0
02-27-2021 10:43:52.107 AM, 24463, -0.0879076, 0.235, -0.2669708, 18.2256, 0, NaN, NaN, 1, 0, 0, 0, 0
02-27-2021 10:43:52.139 AM, 24495, -0.1005793, 0.235, -0.3054539, 18.22563, 0, NaN, NaN, 1, 0, 0, 0, 0
02-27-2021 10:43:52.169 AM, 24525, -0.1088841, 0.235, -0.3306752, 18.22557, 0, NaN, NaN, 0, 0, 0, 0, 0
02-27-2021 10:43:52.201 AM, 24557, -0.1162039, 0.235, -0.3529049, 18.22556, 0, NaN, NaN, 0, 0, 0, 0, 0
02-27-2021 10:43:52.234 AM, 24590, -0.1225615, 0.235, -0.3722128, 18.22558, 0, NaN, NaN, 0, 0, 0, 0, 0
02-27-2021 10:43:52.276 AM, 24632, -0.128477, 0.235, -0.3901779, 18.2256, 0, NaN, NaN, 0, 0, 0, 0, 0
02-27-2021 10:43:52.308 AM, 24664, -0.1335928, 0.235, -0.4057141, 18.22563, 0, NaN, NaN, 0, 0, 0, 0, 0
02-27-2021 10:43:52.342 AM, 24698, -0.1367109, 0.235, -0.4151836, 18.22565, 0, NaN, NaN, 0, 0, 0, 0, 0
02-27-2021 10:43:52.374 AM, 24730, -0.1388523, 0.235, -0.4216871, 18.2256, 0, NaN, NaN, 0, 0, 0, 0, 0
02-27-2021 10:43:52.406 AM, 24762, -0.1400438, 0.235, -0.4253054, 18.22564, 0, NaN, NaN, 0, 0, 0, 0, 0
02-27-2021 10:43:52.438 AM, 24794, -0.1400438, 0.235, -0.4253054, 18.22566, 0, NaN, NaN, 0, 0, 0, 0, 0
02-27-2021 10:43:52.479 AM, 24835, -0.1400438, 0.235, -0.4253054, 18.22612, 0, NaN, NaN, 0, 0, 0, 0, 0
02-27-2021 10:43:52.512 AM, 24868, -0.1400438, 0.235, -0.4253054, 18.22651, 0, NaN, NaN, 0, 0, 0, 0, 0
02-27-2021 10:43:52.544 AM, 24900, -0.1400438, 0.235, -0.4253054, 18.22652, 0, NaN, NaN, 0, 0, 0, 0, 0
02-27-2021 10:43:52.575 AM, 24931, -0.1400438, 0.235, -0.4253054, 18.22669, 0, NaN, NaN, 0, 0, 0, 0, 0
02-27-2021 10:43:52.619 AM, 24975, -0.1400438, 0.235, -0.4253054, 18.2272, 0, NaN, NaN, 0, 0, 0, 0, 0
02-27-2021 10:43:52.651 AM, 25007, -0.1400438, 0.235, -0.4253054, 18.22694, 0, NaN, NaN, 0, 0, 0, 0, 0
02-27-2021 10:43:52.683 AM, 25039, -0.1400438, 0.235, -0.4253054, 18.22672, 0, NaN, NaN, 0, 0, 0, 0, 0
02-27-2021 10:43:52.716 AM, 25072, -0.1390823, 0.235, -0.4223858, 18.22704, 0, NaN, NaN, 0, 1, 0, 0, 0
02-27-2021 10:43:52.747 AM, 25103, -0.1371641, 0.235, -0.4165607, 18.22676, 0, NaN, NaN, 0, 1, 0, 0, 0
02-27-2021 10:43:52.790 AM, 25146, -0.1347612, 0.235, -0.4092637, 18.22669, 0, NaN, NaN, 0, 1, 0, 0, 0
02-27-2021 10:43:52.825 AM, 25181, -0.1291349, 0.235, -0.3921782, 18.22642, 0, NaN, NaN, 0, 1, 0, 0, 0
02-27-2021 10:43:52.857 AM, 25213, -0.1233111, 0.235, -0.3744925, 18.22649, 0, NaN, NaN, 0, 1, 0, 0, 0
02-27-2021 10:43:52.890 AM, 25246, -0.1163139, 0.235, -0.3532433, 18.22651, 0, NaN, NaN, 0, 1, 0, 0, 0
02-27-2021 10:43:52.921 AM, 25277, -0.1100932, 0.235, -0.3343524, 18.22639, 0, NaN, NaN, 0, 1, 0, 0, 0
02-27-2021 10:43:52.956 AM, 25312, -0.1020173, 0.235, -0.3098275, 18.2264, 0, NaN, NaN, 0, 1, 0, 0, 0
02-27-2021 10:43:53.000 AM, 25356, -0.09169583, 0.235, -0.2784834, 18.22641, 0, NaN, NaN, 0, 1, 0, 0, 0
02-27-2021 10:43:53.032 AM, 25388, -0.07802197, 0.235, -0.2369586, 18.22641, 0, NaN, NaN, 0, 1, 0, 0, 0
02-27-2021 10:43:53.063 AM, 25419, -0.06792029, 0.235, -0.2062818, 18.22644, 0, NaN, NaN, 0, 1, 0, 0, 0
02-27-2021 10:43:53.094 AM, 25450, -0.05798492, 0.235, -0.1761102, 18.22654, 0, NaN, NaN, 0, 1, 0, 0, 0
02-27-2021 10:43:53.127 AM, 25483, -0.04926705, 0.235, -0.149636, 18.22645, 0, NaN, NaN, 0, 1, 0, 0, 0
02-27-2021 10:43:53.173 AM, 25529, -0.03921647, 0.235, -0.1191144, 18.22645, 0, NaN, NaN, 0, 1, 0, 0, 0
02-27-2021 10:43:53.205 AM, 25561, -0.02415642, 0.235, -0.0733802, 18.22641, 0, NaN, NaN, 0, 1, 0, 0, 0
02-27-2021 10:43:53.236 AM, 25592, -0.01421869, 0.235, -0.04320133, 18.2264, 0, NaN, NaN, 0, 1, 0, 0, 0
02-27-2021 10:43:53.269 AM, 25625, -0.004251003, 0.235, -0.01293147, 18.22642, 0, NaN, NaN, 0, 1, 0, 0, 0
02-27-2021 10:43:53.302 AM, 25658, 0.007197469, 0.235, 0.02183522, 18.22643, 0, NaN, NaN, 0, 1, 0, 0, 0
02-27-2021 10:43:53.334 AM, 25690, 0.01581287, 0.235, 0.04799843, 18.22642, 0, NaN, NaN, 0, 1, 0, 0, 0
02-27-2021 10:43:53.379 AM, 25735, 0.02585538, 0.235, 0.0784955, 18.22636, 0, NaN, NaN, 0, 1, 0, 0, 0
02-27-2021 10:43:53.409 AM, 25765, 0.03956373, 0.235, 0.1201251, 18.22616, 0, NaN, NaN, 0, 1, 0, 0, 0
02-27-2021 10:43:53.442 AM, 25798, 0.04862708, 0.235, 0.1476491, 18.22617, 0, NaN, NaN, 0, 0, 0, 0, 0
02-27-2021 10:43:53.477 AM, 25833, 0.05669253, 0.235, 0.1721426, 18.22616, 0, NaN, NaN, 0, 0, 0, 0, 0
02-27-2021 10:43:53.513 AM, 25869, 0.06535727, 0.235, 0.198456, 18.22616, 0, NaN, NaN, 0, 0, 0, 0, 0
02-27-2021 10:43:53.542 AM, 25898, 0.07124315, 0.235, 0.2163306, 18.22618, 0, NaN, NaN, 0, 0, 0, 0, 0
02-27-2021 10:43:53.576 AM, 25932, 0.07568419, 0.235, 0.2298173, 18.22605, 0, NaN, NaN, 0, 0, 0, 0, 0
02-27-2021 10:43:53.621 AM, 25977, 0.08022846, 0.235, 0.2436176, 18.22604, 0, NaN, NaN, 0, 0, 0, 0, 0
02-27-2021 10:43:53.654 AM, 26010, 0.08387766, 0.235, 0.2546997, 18.22604, 0, NaN, NaN, 0, 0, 0, 0, 0
02-27-2021 10:43:53.687 AM, 26043, 0.08559225, 0.235, 0.2599067, 18.22603, 0, NaN, NaN, 0, 0, 0, 0, 0
02-27-2021 10:43:53.719 AM, 26075, 0.08631457, 0.235, 0.2621003, 18.22603, 0, NaN, NaN, 0, 0, 0, 0, 0
02-27-2021 10:43:53.750 AM, 26106, 0.08631457, 0.235, 0.2621003, 18.22602, 0, NaN, NaN, 1, 0, 0, 0, 0
02-27-2021 10:43:53.783 AM, 26139, 0.08535703, 0.235, 0.2591923, 18.22603, 0, NaN, NaN, 1, 0, 0, 0, 0
02-27-2021 10:43:53.828 AM, 26184, 0.08345478, 0.235, 0.2534155, 18.22605, 0, NaN, NaN, 1, 0, 0, 0, 0
02-27-2021 10:43:53.859 AM, 26215, 0.07838946, 0.235, 0.2380328, 18.22603, 0, NaN, NaN, 1, 0, 0, 0, 0
02-27-2021 10:43:53.891 AM, 26247, 0.07475105, 0.235, 0.2269834, 18.22603, 0, NaN, NaN, 1, 0, 0, 0, 0
02-27-2021 10:43:53.923 AM, 26279, 0.06875665, 0.235, 0.2087793, 18.22602, 0, NaN, NaN, 1, 0, 0, 0, 0
02-27-2021 10:43:53.956 AM, 26312, 0.06258295, 0.235, 0.1900305, 18.22599, 0, NaN, NaN, 1, 0, 0, 0, 0
02-27-2021 10:43:54.000 AM, 26356, 0.05529833, 0.235, 0.1679081, 18.22583, 0, NaN, NaN, 1, 0, 0, 0, 0
02-27-2021 10:43:54.030 AM, 26386, 0.0435483, 0.235, 0.1322244, 18.2254, 0, NaN, NaN, 1, 0, 0, 0, 0
02-27-2021 10:43:54.065 AM, 26421, 0.03545106, 0.235, 0.1076332, 18.22553, 0, NaN, NaN, 1, 0, 0, 0, 0
02-27-2021 10:43:54.098 AM, 26454, 0.02410756, 0.235, 0.07318351, 18.22558, 0, NaN, NaN, 1, 0, 0, 0, 0
02-27-2021 10:43:54.130 AM, 26486, 0.01288131, 0.235, 0.03909, 18.22534, 0, NaN, NaN, 1, 0, 0, 0, 0
02-27-2021 10:43:54.162 AM, 26518, 0.004163008, 0.235, 0.01261259, 18.22533, 0, NaN, NaN, 1, 0, 0, 0, 0
02-27-2021 10:43:54.194 AM, 26550, -0.005891779, 0.235, -0.0179237, 18.22531, 0, NaN, NaN, 1, 0, 0, 0, 0
02-27-2021 10:43:54.240 AM, 26596, -0.0149107, 0.235, -0.04531411, 18.22526, 0, NaN, NaN, 0, 0, 0, 0, 0
02-27-2021 10:43:54.273 AM, 26629, -0.02630626, 0.235, -0.07992248, 18.22531, 0, NaN, NaN, 0, 0, 0, 0, 0
02-27-2021 10:43:54.303 AM, 26659, -0.03295787, 0.235, -0.1001234, 18.22531, 0, NaN, NaN, 0, 0, 0, 0, 0
02-27-2021 10:43:54.336 AM, 26692, -0.0386668, 0.235, -0.1174614, 18.22538, 0, NaN, NaN, 0, 0, 0, 0, 0
02-27-2021 10:43:54.367 AM, 26723, -0.04341996, 0.235, -0.1318966, 18.22541, 0, NaN, NaN, 0, 0, 0, 0, 0
02-27-2021 10:43:54.410 AM, 26766, -0.04678685, 0.235, -0.1421218, 18.22546, 0, NaN, NaN, 0, 0, 0, 0, 0
02-27-2021 10:43:54.443 AM, 26799, -0.05032057, 0.235, -0.1528536, 18.22556, 0, NaN, NaN, 0, 0, 0, 0, 0
02-27-2021 10:43:54.476 AM, 26832, -0.0519849, 0.235, -0.1579081, 18.22544, 0, NaN, NaN, 0, 0, 0, 0, 0
02-27-2021 10:43:54.512 AM, 26868, -0.05255164, 0.235, -0.1596293, 18.22548, 0, NaN, NaN, 0, 0, 0, 0, 0
02-27-2021 10:43:54.543 AM, 26899, -0.05255164, 0.235, -0.1596293, 18.22542, 0, NaN, NaN, 0, 0, 0, 0, 0
02-27-2021 10:43:54.574 AM, 26930, -0.05255164, 0.235, -0.1596293, 18.22541, 0, NaN, NaN, 0, 0, 0, 0, 0
02-27-2021 10:43:54.617 AM, 26973, -0.05255164, 0.235, -0.1596293, 18.2254, 0, NaN, NaN, 0, 0, 0, 0, 0
02-27-2021 10:43:54.649 AM, 27005, -0.05255164, 0.235, -0.1596293, 18.22559, 0, NaN, NaN, 0, 0, 0, 0, 0
02-27-2021 10:43:54.682 AM, 27038, -0.05255164, 0.235, -0.1596293, 18.22581, 0, NaN, NaN, 0, 0, 0, 0, 0
02-27-2021 10:43:54.714 AM, 27070, -0.05255164, 0.235, -0.1596293, 18.22552, 0, NaN, NaN, 0, 0, 0, 0, 0
02-27-2021 10:43:54.748 AM, 27104, -0.05255164, 0.235, -0.1596293, 18.22553, 0, NaN, NaN, 0, 0, 0, 0, 0
02-27-2021 10:43:54.790 AM, 27146, -0.05255164, 0.235, -0.1596293, 18.2255, 0, NaN, NaN, 0, 0, 0, 0, 0
02-27-2021 10:43:54.823 AM, 27179, -0.05255164, 0.235, -0.1596293, 18.22547, 0, NaN, NaN, 0, 0, 0, 0, 0
02-27-2021 10:43:54.856 AM, 27212, -0.05255164, 0.235, -0.1596293, 18.22549, 0, NaN, NaN, 0, 0, 0, 0, 0
02-27-2021 10:43:54.887 AM, 27243, -0.05255164, 0.235, -0.1596293, 18.22551, 0, NaN, NaN, 0, 0, 0, 0, 0
02-27-2021 10:43:54.919 AM, 27275, -0.05255164, 0.235, -0.1596293, 18.22544, 0, NaN, NaN, 0, 0, 0, 0, 0
02-27-2021 10:43:54.963 AM, 27319, -0.05255164, 0.235, -0.1596293, 18.22546, 0, NaN, NaN, 0, 0, 0, 0, 0
02-27-2021 10:43:54.993 AM, 27349, -0.05255164, 0.235, -0.1596293, 18.22533, 0, NaN, NaN, 0, 0, 0, 0, 0
02-27-2021 10:43:55.027 AM, 27383, -0.05255164, 0.235, -0.1596293, 18.22543, 0, NaN, NaN, 0, 0, 0, 0, 0
02-27-2021 10:43:55.058 AM, 27414, -0.05255164, 0.235, -0.1596293, 18.22536, 0, NaN, NaN, 0, 0, 0, 0, 0
02-27-2021 10:43:55.090 AM, 27446, -0.05255164, 0.235, -0.1596293, 18.22542, 0, NaN, NaN, 0, 0, 0, 0, 0
02-27-2021 10:43:55.123 AM, 27479, -0.05255164, 0.235, -0.1596293, 18.22543, 0, NaN, NaN, 0, 0, 0, 0, 0
02-27-2021 10:43:55.169 AM, 27525, -0.05255164, 0.235, -0.1596293, 18.22543, 0, NaN, NaN, 0, 0, 0, 0, 0
02-27-2021 10:43:55.198 AM, 27554, -0.05255164, 0.235, -0.1596293, 18.22544, 0, NaN, NaN, 0, 0, 0, 0, 0
02-27-2021 10:43:55.232 AM, 27588, -0.05255164, 0.235, -0.1596293, 18.22544, 0, NaN, NaN, 0, 0, 0, 0, 0
02-27-2021 10:43:55.263 AM, 27619, -0.05255164, 0.235, -0.1596293, 18.22543, 0, NaN, NaN, 0, 0, 0, 0, 0
02-27-2021 10:43:55.307 AM, 27663, -0.05255164, 0.235, -0.1596293, 18.22542, 0, NaN, NaN, 0, 0, 0, 0, 0
02-27-2021 10:43:55.339 AM, 27695, -0.05255164, 0.235, -0.1596293, 18.22537, 0, NaN, NaN, 0, 0, 0, 0, 0
02-27-2021 10:43:55.368 AM, 27724, -0.05255164, 0.235, -0.1596293, 18.22538, 0, NaN, NaN, 0, 0, 0, 0, 0
02-27-2021 10:43:55.406 AM, 27762, -0.05255164, 0.235, -0.1596293, 18.22538, 0, NaN, NaN, 0, 0, 0, 0, 0
02-27-2021 10:43:55.446 AM, 27802, -0.05255164, 0.235, -0.1596293, 18.22542, 0, NaN, NaN, 0, 0, 0, 0, 0
02-27-2021 10:43:55.475 AM, 27831, -0.05255164, 0.235, -0.1596293, 18.22543, 0, NaN, NaN, 0, 0, 0, 0, 0
02-27-2021 10:43:55.510 AM, 27866, -0.05255164, 0.235, -0.1596293, 18.22541, 0, NaN, NaN, 0, 0, 0, 0, 0
02-27-2021 10:43:55.541 AM, 27897, -0.05255164, 0.235, -0.1596293, 18.22541, 0, NaN, NaN, 0, 0, 0, 0, 0
02-27-2021 10:43:55.573 AM, 27929, -0.05255164, 0.235, -0.1596293, 18.22544, 0, NaN, NaN, 0, 0, 0, 0, 0
02-27-2021 10:43:55.616 AM, 27972, -0.05255164, 0.235, -0.1596293, 18.22535, 0, NaN, NaN, 0, 0, 0, 0, 0
02-27-2021 10:43:55.647 AM, 28003, -0.05255164, 0.235, -0.1596293, 18.22547, 0, NaN, NaN, 0, 0, 0, 0, 0
02-27-2021 10:43:55.679 AM, 28035, -0.05255164, 0.235, -0.1596293, 18.22555, 0, NaN, NaN, 0, 0, 0, 0, 0
02-27-2021 10:43:55.710 AM, 28066, -0.05255164, 0.235, -0.1596293, 18.22548, 0, NaN, NaN, 0, 0, 0, 0, 0
