Timestamp,TimeSinceStart,PositionX,PositionY,PositionZ,RotationY,EventOccurred,EventX,EventZ,EventDescription,UpArrow,DownArrow, LeftArrow,RightArrow,Space
05-10-2021 01:25:09.106 AM,10938,0,0.0508,0,0,0,NaN,NaN,null,0,0,0,0,0
05-10-2021 01:25:09.136 AM,10968,0,0.0508,0,0,0,NaN,NaN,null,0,0,0,0,0
05-10-2021 01:25:09.652 AM,11484,0,0.0508,0,0,0,NaN,NaN,null,0,0,0,0,0
05-10-2021 01:25:09.676 AM,11508,0,0.0508,0,0,0,NaN,NaN,null,0,0,0,0,0
05-10-2021 01:25:09.695 AM,11527,0,0.0508,0,0,0,NaN,NaN,null,0,0,0,0,0
05-10-2021 01:25:09.715 AM,11547,0,0.0508,0,0,0,NaN,NaN,null,0,0,0,0,0
05-10-2021 01:25:09.733 AM,11565,0,0.0508,0,0,0,NaN,NaN,null,0,0,0,0,0
05-10-2021 01:25:09.752 AM,11584,0,0.0508,0,0,0,NaN,NaN,null,0,0,0,0,0
05-10-2021 01:25:09.771 AM,11603,0,0.0508,0,0,0,NaN,NaN,null,0,0,0,0,0
05-10-2021 01:25:09.789 AM,11621,0,0.0508,0,0,0,NaN,NaN,null,0,0,0,0,0
05-10-2021 01:25:09.810 AM,11642,0,0.0508,0,0,0,NaN,NaN,null,0,0,0,0,0
05-10-2021 01:25:09.828 AM,11660,0,0.0508,0,0,0,NaN,NaN,null,0,0,0,0,0
05-10-2021 01:25:09.858 AM,11690,0,0.0508,0,0,0,NaN,NaN,null,0,0,0,0,0
05-10-2021 01:25:09.890 AM,11722,0,0.0508,0,0,0,NaN,NaN,null,0,0,0,0,0
05-10-2021 01:25:09.923 AM,11755,0,0.0508,0,0,0,NaN,NaN,null,0,0,0,0,0
05-10-2021 01:25:09.954 AM,11786,0,0.0508,0,0,0,NaN,NaN,null,0,0,0,0,0
05-10-2021 01:25:09.996 AM,11828,0,0.0508,0,0,0,NaN,NaN,null,0,0,0,0,0
05-10-2021 01:25:10.030 AM,11862,0,0.0508,0,0,0,NaN,NaN,null,0,0,0,0,0
05-10-2021 01:25:10.062 AM,11894,0,0.0508,0,0,0,NaN,NaN,null,0,0,0,0,0
05-10-2021 01:25:10.093 AM,11925,0,0.0508,0,0,0,NaN,NaN,null,0,0,0,0,0
05-10-2021 01:25:10.127 AM,11959,0,0.0508,0,0,0,NaN,NaN,null,0,0,0,0,0
05-10-2021 01:25:10.169 AM,12001,0,0.0508,0,0,0,NaN,NaN,null,0,0,0,0,0
05-10-2021 01:25:10.200 AM,12032,0,0.0508,0,0,0,NaN,NaN,null,0,0,0,0,0
05-10-2021 01:25:10.232 AM,12064,0,0.0508,0,0,0,NaN,NaN,null,0,0,0,0,0
05-10-2021 01:25:10.264 AM,12096,0,0.0508,0,0,0,NaN,NaN,null,0,0,0,0,0
05-10-2021 01:25:10.306 AM,12138,0,0.0508,0,0,0,NaN,NaN,null,0,0,0,0,0
05-10-2021 01:25:10.339 AM,12171,0,0.0508,0,0,0,NaN,NaN,null,0,0,0,0,0
05-10-2021 01:25:10.371 AM,12203,0,0.0508,0,0,0,NaN,NaN,null,0,0,0,0,0
05-10-2021 01:25:10.403 AM,12235,0,0.0508,0,0,0,NaN,NaN,null,0,0,0,0,0
05-10-2021 01:25:10.446 AM,12278,0,0.0508,0,0,0,NaN,NaN,null,0,0,0,0,0
05-10-2021 01:25:10.479 AM,12311,0,0.0508,0,0,0,NaN,NaN,null,0,0,0,0,0
05-10-2021 01:25:10.509 AM,12340,0,0.0508,0,0,0,NaN,NaN,null,0,0,0,0,0
05-10-2021 01:25:10.542 AM,12374,0,0.0508,0,0,0,NaN,NaN,null,0,0,0,0,0
05-10-2021 01:25:10.573 AM,12405,0,0.0508,0,0,0,NaN,NaN,null,0,0,0,0,0
05-10-2021 01:25:10.618 AM,12450,0,0.0508,0,0,0,NaN,NaN,null,0,0,0,0,0
05-10-2021 01:25:10.648 AM,12480,0,0.0508,0,0,0,NaN,NaN,null,0,0,0,0,0
05-10-2021 01:25:10.681 AM,12513,0,0.0508,0,0,0,NaN,NaN,null,0,0,0,0,0
05-10-2021 01:25:10.712 AM,12544,0,0.0508,0,0,0,NaN,NaN,null,0,0,0,0,0
05-10-2021 01:25:10.745 AM,12577,0,0.0508,0,0,0,NaN,NaN,null,0,0,0,0,0
05-10-2021 01:25:10.789 AM,12621,0,0.0508,0,0,0,NaN,NaN,null,0,0,0,0,0
05-10-2021 01:25:10.819 AM,12651,0,0.0508,0,0,0,NaN,NaN,null,0,0,0,0,0
05-10-2021 01:25:10.852 AM,12684,0,0.0508,0,0,0,NaN,NaN,null,0,0,0,0,0
05-10-2021 01:25:10.883 AM,12715,0,0.0508,0,0,0,NaN,NaN,null,0,0,0,0,0
05-10-2021 01:25:10.928 AM,12760,0,0.0508,0,0,0,NaN,NaN,null,0,0,0,0,0
05-10-2021 01:25:10.958 AM,12790,0,0.0508,0,0,0,NaN,NaN,null,0,0,0,0,0
05-10-2021 01:25:10.990 AM,12822,0,0.0508,0,0,0,NaN,NaN,null,0,0,0,0,0
05-10-2021 01:25:11.021 AM,12853,0,0.0508,0,0,0,NaN,NaN,null,0,0,0,0,0
05-10-2021 01:25:11.064 AM,12896,0,0.0508,0,0,0,NaN,NaN,null,0,0,0,0,0
05-10-2021 01:25:11.096 AM,12928,0,0.0508,0,0,0,NaN,NaN,null,0,0,0,0,0
05-10-2021 01:25:11.128 AM,12960,0,0.0508,0,0,0,NaN,NaN,null,0,0,0,0,0
05-10-2021 01:25:11.160 AM,12992,0,0.0508,0,0,0,NaN,NaN,null,0,0,0,0,0
05-10-2021 01:25:11.202 AM,13034,0,0.0508,0,0,0,NaN,NaN,null,0,0,0,0,0
05-10-2021 01:25:11.236 AM,13068,0,0.0508,0,0,0,NaN,NaN,null,0,0,0,0,0
05-10-2021 01:25:11.268 AM,13099,0,0.0508,0,0,0,NaN,NaN,null,0,0,0,0,0
05-10-2021 01:25:11.298 AM,13130,0,0.0508,0,0,0,NaN,NaN,null,0,0,0,0,0
05-10-2021 01:25:11.331 AM,13163,0,0.0508,0,0,0,NaN,NaN,null,0,0,0,0,0
05-10-2021 01:25:11.373 AM,13205,0,0.0508,0,0,0,NaN,NaN,null,0,0,0,0,0
05-10-2021 01:25:11.405 AM,13237,0,0.0508,0,0,0,NaN,NaN,null,0,0,0,0,0
05-10-2021 01:25:11.438 AM,13270,0,0.0508,0,0,0,NaN,NaN,null,0,0,0,0,0
05-10-2021 01:25:11.470 AM,13302,0,0.0508,0,0,0,NaN,NaN,null,0,0,0,0,0
05-10-2021 01:25:11.512 AM,13344,0,0.0508,0,0,0,NaN,NaN,null,0,0,0,0,0
05-10-2021 01:25:11.546 AM,13378,0,0.0508,0,0,0,NaN,NaN,null,0,0,0,0,0
05-10-2021 01:25:11.579 AM,13411,0,0.0508,0,0,0,NaN,NaN,null,0,0,0,0,0
05-10-2021 01:25:11.610 AM,13442,0,0.0508,0,0,0,NaN,NaN,null,0,0,0,0,0
05-10-2021 01:25:11.641 AM,13473,0,0.0508,0,0,0,NaN,NaN,null,0,0,0,0,0
05-10-2021 01:25:11.685 AM,13517,0,0.0508,0,0,0,NaN,NaN,null,0,0,0,0,0
05-10-2021 01:25:11.718 AM,13550,0,0.0508,0,0,0,NaN,NaN,null,0,0,0,0,0
05-10-2021 01:25:11.750 AM,13582,0,0.0508,0,0,0,NaN,NaN,null,0,0,0,0,0
05-10-2021 01:25:11.781 AM,13613,0,0.0508,0,0,0,NaN,NaN,null,0,0,0,0,0
05-10-2021 01:25:11.826 AM,13658,0,0.0508,0,0,0,NaN,NaN,null,0,0,0,0,0
05-10-2021 01:25:11.859 AM,13691,0,0.0508,0,0,0,NaN,NaN,null,0,0,0,0,0
05-10-2021 01:25:11.889 AM,13721,0,0.0508,0,0,0,NaN,NaN,null,0,0,0,0,0
05-10-2021 01:25:11.922 AM,13754,0,0.0508,0,0,0,NaN,NaN,null,0,0,0,0,0
05-10-2021 01:25:11.953 AM,13785,0,0.0508,0,0,0,NaN,NaN,null,0,0,0,0,0
05-10-2021 01:25:11.996 AM,13828,0,0.0508,0,0,0,NaN,NaN,null,0,0,0,0,0
05-10-2021 01:25:12.028 AM,13860,0,0.0508,0,0,0,NaN,NaN,null,0,0,0,0,0
05-10-2021 01:25:12.060 AM,13892,0,0.0508,0,0,0,NaN,NaN,null,0,0,0,0,0
05-10-2021 01:25:12.092 AM,13924,0,0.0508,0,0,0,NaN,NaN,null,0,0,0,0,0
05-10-2021 01:25:12.125 AM,13957,0,0.0508,0,0,0,NaN,NaN,null,0,0,0,0,0
05-10-2021 01:25:12.168 AM,14000,0,0.0508,0,0,0,NaN,NaN,null,0,0,0,0,0
05-10-2021 01:25:12.200 AM,14032,0,0.0508,0,0,0,NaN,NaN,null,0,0,0,0,0
05-10-2021 01:25:12.232 AM,14064,0,0.0508,0,0,0,NaN,NaN,null,0,0,0,0,0
05-10-2021 01:25:12.264 AM,14096,0,0.0508,0,0,0,NaN,NaN,null,0,0,0,0,0
05-10-2021 01:25:12.295 AM,14127,0,0.0508,0,0,0,NaN,NaN,null,0,0,0,0,0
05-10-2021 01:25:12.339 AM,14171,0,0.0508,0,0,0,NaN,NaN,null,0,0,0,0,0
05-10-2021 01:25:12.372 AM,14204,0,0.0508,0,0,0,NaN,NaN,null,0,0,0,0,0
05-10-2021 01:25:12.404 AM,14236,0,0.0508,0,0,0,NaN,NaN,null,0,0,0,0,0
05-10-2021 01:25:12.436 AM,14268,0,0.0508,0,0,0,NaN,NaN,null,0,0,0,0,0
05-10-2021 01:25:12.467 AM,14299,0,0.0508,0,0,0,NaN,NaN,null,0,0,0,0,0
05-10-2021 01:25:12.510 AM,14342,0,0.0508,0,0,0,NaN,NaN,null,0,0,0,0,0
05-10-2021 01:25:12.542 AM,14374,0,0.0508,0,0,0,NaN,NaN,null,0,0,0,0,0
05-10-2021 01:25:12.576 AM,14408,0,0.0508,0,0,0,NaN,NaN,null,0,0,0,0,0
05-10-2021 01:25:12.608 AM,14440,0,0.0508,0,0,0,NaN,NaN,null,0,0,0,0,0
05-10-2021 01:25:12.650 AM,14482,0,0.0508,0,0,0,NaN,NaN,null,0,0,0,0,0
05-10-2021 01:25:12.682 AM,14514,0,0.0508,0,0,0,NaN,NaN,null,0,0,0,0,0
05-10-2021 01:25:12.714 AM,14546,0,0.0508,0,0,0,NaN,NaN,null,0,0,0,0,0
05-10-2021 01:25:12.746 AM,14578,0,0.0508,0,0,0,NaN,NaN,null,0,0,0,0,0
05-10-2021 01:25:12.778 AM,14610,0,0.0508,0,0,0,NaN,NaN,null,0,0,0,0,0
05-10-2021 01:25:12.821 AM,14653,0,0.0508,0,0,0,NaN,NaN,null,0,0,0,0,0
05-10-2021 01:25:12.853 AM,14685,0,0.0508,0,0,0,NaN,NaN,null,0,0,0,0,0
05-10-2021 01:25:12.885 AM,14717,0,0.0508,0,0,0,NaN,NaN,null,0,0,0,0,0
05-10-2021 01:25:12.920 AM,14752,0,0.0508,0,0,0,NaN,NaN,null,0,0,0,0,0
05-10-2021 01:25:12.952 AM,14784,0,0.0508,0,0,0,NaN,NaN,null,0,0,0,0,0
05-10-2021 01:25:12.984 AM,14816,0,0.0508,0,0,0,NaN,NaN,null,0,0,0,0,0
05-10-2021 01:25:13.027 AM,14859,0,0.0508,0,0,0,NaN,NaN,null,0,0,0,0,0
05-10-2021 01:25:13.059 AM,14891,0,0.0508,0,0,0,NaN,NaN,null,0,0,0,0,0
05-10-2021 01:25:13.091 AM,14923,0,0.0508,0,0,0,NaN,NaN,null,0,0,0,0,0
05-10-2021 01:25:13.123 AM,14955,0,0.0508,0,0,0,NaN,NaN,null,0,0,0,0,0
05-10-2021 01:25:13.165 AM,14997,0,0.0508,0,0,0,NaN,NaN,null,0,0,0,0,0
05-10-2021 01:25:13.197 AM,15029,0,0.0508,0,0,0,NaN,NaN,null,0,0,0,0,0
05-10-2021 01:25:13.228 AM,15060,0,0.0508,0,0,0,NaN,NaN,null,0,0,0,0,0
05-10-2021 01:25:13.260 AM,15092,0,0.0508,0,0,0,NaN,NaN,null,0,0,0,0,0
05-10-2021 01:25:13.293 AM,15125,0,0.0508,0,0,0,NaN,NaN,null,0,0,0,0,0
05-10-2021 01:25:13.338 AM,15170,0,0.0508,0,0,0,NaN,NaN,null,0,0,0,0,0
05-10-2021 01:25:13.369 AM,15201,0,0.0508,0,0,0,NaN,NaN,null,0,0,0,0,0
05-10-2021 01:25:13.402 AM,15234,0,0.0508,0,0,0,NaN,NaN,null,0,0,0,0,0
05-10-2021 01:25:13.484 AM,15316,0,0.0508,0,0,0,NaN,NaN,null,0,0,0,0,0
05-10-2021 01:25:13.698 AM,15530,0,0.0508,0,0,0,NaN,NaN,null,0,0,0,0,0
05-10-2021 01:25:13.719 AM,15551,0,0.0508,0,0,0,NaN,NaN,null,0,0,0,0,0
05-10-2021 01:25:13.738 AM,15570,0,0.0508,0,0,0,NaN,NaN,null,0,0,0,0,0
05-10-2021 01:25:13.756 AM,15588,0,0.0508,0,0,0,NaN,NaN,null,0,0,0,0,0
05-10-2021 01:25:13.785 AM,15617,0,0.0508,0,0,0,NaN,NaN,null,0,0,0,0,0
05-10-2021 01:25:13.817 AM,15649,0,0.0508,0,0,0,NaN,NaN,null,0,0,0,0,0
05-10-2021 01:25:13.849 AM,15681,0,0.0508,0,0,0,NaN,NaN,null,0,0,0,0,0
05-10-2021 01:25:13.880 AM,15712,0,0.0508,0,0,0,NaN,NaN,null,0,0,0,0,0
05-10-2021 01:25:13.926 AM,15758,0,0.0508,0,0,0,NaN,NaN,null,0,0,0,0,0
05-10-2021 01:25:13.955 AM,15787,0,0.0508,0,0,0,NaN,NaN,null,0,0,0,0,0
05-10-2021 01:25:13.989 AM,15821,0,0.0508,0,0,0,NaN,NaN,null,0,0,0,0,0
05-10-2021 01:25:14.021 AM,15853,0,0.0508,0,0,0,NaN,NaN,null,0,0,0,0,0
05-10-2021 01:25:14.054 AM,15886,0,0.0508,0,0,0,NaN,NaN,null,0,0,0,0,0
05-10-2021 01:25:14.085 AM,15917,0,0.0508,0,0,0,NaN,NaN,null,0,0,0,0,0
05-10-2021 01:25:14.130 AM,15962,0,0.0508,0,0,0,NaN,NaN,null,0,0,0,0,0
05-10-2021 01:25:14.162 AM,15994,0,0.0508,0,0,0,NaN,NaN,null,0,0,0,0,0
05-10-2021 01:25:14.196 AM,16028,0,0.0508,0,0,0,NaN,NaN,null,0,0,0,0,0
05-10-2021 01:25:14.227 AM,16059,0,0.0508,0,0,0,NaN,NaN,null,0,0,0,0,0
05-10-2021 01:25:14.259 AM,16091,0,0.0508,0,0,0,NaN,NaN,null,0,0,0,0,0
05-10-2021 01:25:14.302 AM,16134,0,0.0508,0,0,0,NaN,NaN,null,0,0,0,0,0
05-10-2021 01:25:14.336 AM,16168,0,0.0508,0,0,0,NaN,NaN,null,0,0,0,0,0
05-10-2021 01:25:14.367 AM,16199,0,0.0508,0,0,0,NaN,NaN,null,0,0,0,0,0
05-10-2021 01:25:14.400 AM,16232,0,0.0508,0,0,0,NaN,NaN,null,0,0,0,0,0
05-10-2021 01:25:14.433 AM,16265,0,0.0508,0,0,0,NaN,NaN,null,0,0,0,0,0
05-10-2021 01:25:14.465 AM,16297,0,0.0508,0,0,0,NaN,NaN,null,0,0,0,0,0
05-10-2021 01:25:14.509 AM,16341,0,0.0508,0,0,0,NaN,NaN,null,0,0,0,0,0
05-10-2021 01:25:14.540 AM,16372,0,0.0508,0,0,0,NaN,NaN,null,0,0,0,0,0
05-10-2021 01:25:14.572 AM,16404,0,0.0508,0,0,0,NaN,NaN,null,0,0,0,0,0
05-10-2021 01:25:14.604 AM,16436,0,0.0508,0,0,0,NaN,NaN,null,0,0,0,0,0
05-10-2021 01:25:14.637 AM,16469,0,0.0508,0,0,0,NaN,NaN,null,0,0,0,0,0
05-10-2021 01:25:14.681 AM,16513,0,0.0508,0,0,0,NaN,NaN,null,0,0,0,0,0
05-10-2021 01:25:14.711 AM,16543,0,0.0508,0,0,0,NaN,NaN,null,0,0,0,0,0
05-10-2021 01:25:14.744 AM,16576,0,0.0508,0,0,0,NaN,NaN,null,0,0,0,0,0
05-10-2021 01:25:14.777 AM,16609,0,0.0508,0,0,0,NaN,NaN,null,0,0,0,0,0
05-10-2021 01:25:14.808 AM,16640,0,0.0508,0,0,0,NaN,NaN,null,0,0,0,0,0
05-10-2021 01:25:14.851 AM,16683,0,0.0508,0,0,0,NaN,NaN,null,0,0,0,0,0
05-10-2021 01:25:14.883 AM,16715,0,0.0508,0,0,0,NaN,NaN,null,0,0,0,0,0
05-10-2021 01:25:14.916 AM,16748,0,0.0508,0,0,0,NaN,NaN,null,0,0,0,0,0
05-10-2021 01:25:14.947 AM,16779,0,0.0508,0,0,0,NaN,NaN,null,0,0,0,0,0
05-10-2021 01:25:14.992 AM,16824,0,0.0508,0,0,0,NaN,NaN,null,0,0,0,0,0
05-10-2021 01:25:15.022 AM,16854,0,0.0508,0,0,0,NaN,NaN,null,0,0,0,0,0
05-10-2021 01:25:15.055 AM,16887,0,0.0508,0,0,0,NaN,NaN,null,0,0,0,0,0
05-10-2021 01:25:15.086 AM,16918,0,0.0508,0,0,0,NaN,NaN,null,0,0,0,0,0
05-10-2021 01:25:15.119 AM,16951,0,0.0508,0,0,0,NaN,NaN,null,0,0,0,0,0
05-10-2021 01:25:15.160 AM,16992,0,0.0508,0,0,0,NaN,NaN,null,0,0,0,0,0
05-10-2021 01:25:15.192 AM,17024,0,0.0508,0,0,0,NaN,NaN,null,0,0,0,0,0
05-10-2021 01:25:15.224 AM,17056,0,0.0508,0,0,0,NaN,NaN,null,0,0,0,0,0
05-10-2021 01:25:15.257 AM,17089,0,0.0508,0,0,0,NaN,NaN,null,0,0,0,0,0
05-10-2021 01:25:15.303 AM,17135,0,0.0508,0,0,0,NaN,NaN,null,0,0,0,0,0
05-10-2021 01:25:15.331 AM,17163,0,0.0508,0,0,0,NaN,NaN,null,0,0,0,0,0
05-10-2021 01:25:15.362 AM,17194,0,0.0508,0,0,0,NaN,NaN,null,0,0,0,0,0
05-10-2021 01:25:15.395 AM,17227,0,0.0508,0,0,0,NaN,NaN,null,0,0,0,0,0
05-10-2021 01:25:15.438 AM,17270,0,0.0508,0,0,0,NaN,NaN,null,0,0,0,0,0
05-10-2021 01:25:15.469 AM,17301,0,0.0508,0,0,0,NaN,NaN,null,0,0,0,0,0
05-10-2021 01:25:15.501 AM,17333,0,0.0508,0,0,0,NaN,NaN,null,0,0,0,0,0
05-10-2021 01:25:15.534 AM,17366,0,0.0508,0,0,0,NaN,NaN,null,0,0,0,0,0
05-10-2021 01:25:15.580 AM,17412,0,0.0508,0,0,0,NaN,NaN,null,0,0,0,0,0
05-10-2021 01:25:15.608 AM,17440,0,0.0508,0,0,0,NaN,NaN,null,0,0,0,0,0
05-10-2021 01:25:15.640 AM,17472,0,0.0508,0,0,0,NaN,NaN,null,0,0,0,0,0
05-10-2021 01:25:15.674 AM,17506,0,0.0508,0,0,0,NaN,NaN,null,0,0,0,0,0
05-10-2021 01:25:15.706 AM,17538,0,0.0508,0,0,0,NaN,NaN,null,0,0,0,0,0
05-10-2021 01:25:15.749 AM,17581,0,0.0508,0,0,0,NaN,NaN,null,0,0,0,0,0
05-10-2021 01:25:15.779 AM,17611,0,0.0508,0,0,0,NaN,NaN,null,0,0,0,0,0
05-10-2021 01:25:15.809 AM,17641,0,0.0508,0,0,0,NaN,NaN,null,0,0,0,0,0
05-10-2021 01:25:15.843 AM,17675,0,0.0508,0,0,0,NaN,NaN,null,0,0,0,0,0
05-10-2021 01:25:15.888 AM,17720,0,0.0508,0,0,0,NaN,NaN,null,0,0,0,0,0
05-10-2021 01:25:15.918 AM,17750,0,0.0508,0,0,0,NaN,NaN,null,0,0,0,0,0
05-10-2021 01:25:15.951 AM,17783,0,0.0508,0,0,0,NaN,NaN,null,0,0,0,0,0
05-10-2021 01:25:15.983 AM,17815,0,0.0508,0,0,0,NaN,NaN,null,0,0,0,0,0
05-10-2021 01:25:16.014 AM,17846,0,0.0508,0,0,0,NaN,NaN,null,0,0,0,0,0
05-10-2021 01:25:16.059 AM,17891,0,0.0508,0,0,0,NaN,NaN,null,0,0,0,0,0
05-10-2021 01:25:16.090 AM,17922,0,0.0508,0,0,0,NaN,NaN,null,0,0,0,0,0
05-10-2021 01:25:16.120 AM,17952,0,0.0508,0,0,0,NaN,NaN,null,0,0,0,0,0
05-10-2021 01:25:16.154 AM,17986,0,0.0508,0,0,0,NaN,NaN,null,0,0,0,0,0
05-10-2021 01:25:16.197 AM,18029,0,0.0508,0,0,0,NaN,NaN,null,0,0,0,0,0
05-10-2021 01:25:16.226 AM,18058,0,0.0508,0,0,0,NaN,NaN,null,0,0,0,0,0
05-10-2021 01:25:16.260 AM,18092,0,0.0508,0,0,0,NaN,NaN,null,0,0,0,0,0
05-10-2021 01:25:16.292 AM,18124,0,0.0508,0,0,0,NaN,NaN,null,0,0,0,0,0
05-10-2021 01:25:16.323 AM,18155,0,0.0508,0,0,0,NaN,NaN,null,0,0,0,0,0
05-10-2021 01:25:16.368 AM,18200,0,0.0508,0,0,0,NaN,NaN,null,0,0,0,0,0
05-10-2021 01:25:16.398 AM,18230,0,0.0508,0,0,0,NaN,NaN,null,0,0,0,0,0
05-10-2021 01:25:16.431 AM,18263,0,0.0508,0,0,0,NaN,NaN,null,0,0,0,0,0
05-10-2021 01:25:16.462 AM,18294,0,0.0508,0,0,0,NaN,NaN,null,0,0,0,0,0
05-10-2021 01:25:16.508 AM,18340,0,0.0508,0,0,0,NaN,NaN,null,0,0,0,0,0
05-10-2021 01:25:16.537 AM,18369,0,0.0508,0,0,0,NaN,NaN,null,0,0,0,0,0
05-10-2021 01:25:16.570 AM,18402,0,0.0508,0,0,0,NaN,NaN,null,0,0,0,0,0
05-10-2021 01:25:16.602 AM,18434,0,0.0508,0,0,0,NaN,NaN,null,0,0,0,0,0
05-10-2021 01:25:16.635 AM,18467,0,0.0508,0,0,0,NaN,NaN,null,0,0,0,0,0
05-10-2021 01:25:16.677 AM,18509,0,0.0508,0,0,0,NaN,NaN,null,0,0,0,0,0
05-10-2021 01:25:16.709 AM,18541,0,0.0508,0,0,0,NaN,NaN,null,0,0,0,0,0
05-10-2021 01:25:16.742 AM,18574,0,0.0508,0,0,0,NaN,NaN,null,0,0,0,0,0
05-10-2021 01:25:16.775 AM,18607,0,0.0508,0,0,0,NaN,NaN,null,0,0,0,0,0
05-10-2021 01:25:16.818 AM,18650,0,0.0508,0,0,0,NaN,NaN,null,0,0,0,0,0
05-10-2021 01:25:16.847 AM,18679,0,0.0508,0,0,0,NaN,NaN,null,0,0,0,0,0
05-10-2021 01:25:16.879 AM,18711,0,0.0508,0,0,0,NaN,NaN,null,0,0,0,0,0
05-10-2021 01:25:16.910 AM,18742,0,0.0508,0,0,0,NaN,NaN,null,0,0,0,0,0
05-10-2021 01:25:16.952 AM,18784,0,0.0508,0,0,0,NaN,NaN,null,0,0,0,0,0
05-10-2021 01:25:16.984 AM,18816,0,0.0508,0,0,0,NaN,NaN,null,0,0,0,0,0
05-10-2021 01:25:17.016 AM,18848,0,0.0508,0,0,0,NaN,NaN,null,0,0,0,0,0
05-10-2021 01:25:17.048 AM,18880,0,0.0508,0,0,0,NaN,NaN,null,0,0,0,0,0
05-10-2021 01:25:17.092 AM,18924,0,0.0508,0,0,0,NaN,NaN,null,0,0,0,0,0
05-10-2021 01:25:17.123 AM,18955,0,0.0508,0,0,0,NaN,NaN,null,0,0,0,0,0
05-10-2021 01:25:17.155 AM,18987,0,0.0508,0,0,0,NaN,NaN,null,0,0,0,0,0
05-10-2021 01:25:17.186 AM,19018,0,0.0508,0,0,0,NaN,NaN,null,0,0,0,0,0
05-10-2021 01:25:17.229 AM,19061,0,0.0508,0,0,0,NaN,NaN,null,0,0,0,0,0
05-10-2021 01:25:17.262 AM,19094,0,0.0508,0,0,0,NaN,NaN,null,0,0,0,0,0
05-10-2021 01:25:17.293 AM,19125,0,0.0508,0,0,0,NaN,NaN,null,0,0,0,0,0
05-10-2021 01:25:17.327 AM,19159,0,0.0508,0,0,0,NaN,NaN,null,0,0,0,0,0
05-10-2021 01:25:17.359 AM,19191,0,0.0508,0,0,0,NaN,NaN,null,0,0,0,0,0
05-10-2021 01:25:17.391 AM,19223,0,0.0508,0,0,0,NaN,NaN,null,0,0,0,0,0
05-10-2021 01:25:17.435 AM,19267,0,0.0508,0,0,0,NaN,NaN,null,0,0,0,0,0
05-10-2021 01:25:17.465 AM,19297,0,0.0508,0,0,0,NaN,NaN,null,0,0,0,0,0
05-10-2021 01:25:17.497 AM,19329,0,0.0508,0,0,0,NaN,NaN,null,0,0,0,0,0
05-10-2021 01:25:17.529 AM,19361,0,0.0508,0,0,0,NaN,NaN,null,0,0,0,0,0
05-10-2021 01:25:17.571 AM,19403,0,0.0508,0,0,0,NaN,NaN,null,0,0,0,0,0
05-10-2021 01:25:17.602 AM,19434,0,0.0508,0,0,0,NaN,NaN,null,0,0,0,0,0
05-10-2021 01:25:17.635 AM,19467,0,0.0508,0,0,0,NaN,NaN,null,0,0,0,0,0
05-10-2021 01:25:17.666 AM,19498,0,0.0508,0,0,0,NaN,NaN,null,0,0,0,0,0
05-10-2021 01:25:17.710 AM,19542,0,0.0508,0,0,0,NaN,NaN,null,0,0,0,0,0
05-10-2021 01:25:17.741 AM,19573,0,0.0508,0,0,0,NaN,NaN,null,0,0,0,0,0
05-10-2021 01:25:17.773 AM,19605,0,0.0508,0,0,0,NaN,NaN,null,0,0,0,0,0
05-10-2021 01:25:17.806 AM,19638,0,0.0508,0,0,0,NaN,NaN,null,0,0,0,0,0
05-10-2021 01:25:17.849 AM,19681,0,0.0508,0,0,0,NaN,NaN,null,0,0,0,0,0
05-10-2021 01:25:17.880 AM,19712,0,0.0508,0,0,0,NaN,NaN,null,0,0,0,0,0
05-10-2021 01:25:17.912 AM,19744,0,0.0508,0,0,0,NaN,NaN,null,0,0,0,0,0
05-10-2021 01:25:17.944 AM,19776,0,0.0508,0,0,0,NaN,NaN,null,0,0,0,0,0
05-10-2021 01:25:17.988 AM,19820,0,0.0508,0,0,0,NaN,NaN,null,0,0,0,0,0
05-10-2021 01:25:18.019 AM,19851,0,0.0508,0,0,0,NaN,NaN,null,0,0,0,0,0
05-10-2021 01:25:18.051 AM,19883,0,0.0508,0,0,0,NaN,NaN,null,0,0,0,0,0
05-10-2021 01:25:18.083 AM,19915,0,0.0508,0,0,0,NaN,NaN,null,0,0,0,0,0
05-10-2021 01:25:18.127 AM,19959,0,0.0508,0,0,0,NaN,NaN,null,0,0,0,0,0
05-10-2021 01:25:18.158 AM,19990,0,0.0508,0,0,0,NaN,NaN,null,0,0,0,0,0
05-10-2021 01:25:18.190 AM,20022,0,0.0508,0,0,0,NaN,NaN,null,0,0,0,0,0
05-10-2021 01:25:18.221 AM,20053,0,0.0508,0,0,0,NaN,NaN,null,0,0,0,0,0
05-10-2021 01:25:18.254 AM,20086,0,0.0508,0,0,0,NaN,NaN,null,0,0,0,0,0
05-10-2021 01:25:18.295 AM,20127,0,0.0508,0,0,0,NaN,NaN,null,0,0,0,0,0
05-10-2021 01:25:18.330 AM,20162,0,0.0508,0,0,0,NaN,NaN,null,0,0,0,0,0
05-10-2021 01:25:18.359 AM,20191,0,0.0508,0,0,0,NaN,NaN,null,0,0,0,0,0
05-10-2021 01:25:18.392 AM,20224,0,0.0508,0,0,0,NaN,NaN,null,0,0,0,0,0
05-10-2021 01:25:18.424 AM,20256,0,0.0508,0,0,0,NaN,NaN,null,0,0,0,0,0
05-10-2021 01:25:18.466 AM,20298,0,0.0508,0,0,0,NaN,NaN,null,0,0,0,0,0
05-10-2021 01:25:18.498 AM,20330,0,0.0508,0,0,0,NaN,NaN,null,0,0,0,0,0
05-10-2021 01:25:18.531 AM,20363,0,0.0508,0,0,0,NaN,NaN,null,0,0,0,0,0
05-10-2021 01:25:18.562 AM,20394,0,0.0508,0,0,0,NaN,NaN,null,0,0,0,0,0
05-10-2021 01:25:18.607 AM,20439,0,0.0508,0,0,0,NaN,NaN,null,0,0,0,0,0
05-10-2021 01:25:18.638 AM,20470,0,0.0508,0,0,0,NaN,NaN,null,0,0,0,0,0
05-10-2021 01:25:18.670 AM,20502,0,0.0508,0,0,0,NaN,NaN,null,0,0,0,0,0
05-10-2021 01:25:18.702 AM,20534,0,0.0508,0,0,0,NaN,NaN,null,0,0,0,0,0
05-10-2021 01:25:18.734 AM,20566,0,0.0508,0,0,0,NaN,NaN,null,0,0,0,0,0
05-10-2021 01:25:18.776 AM,20608,0,0.0508,0,0,0,NaN,NaN,null,0,0,0,0,0
05-10-2021 01:25:18.808 AM,20640,0,0.0508,0,0,0,NaN,NaN,null,0,0,0,0,0
05-10-2021 01:25:18.840 AM,20672,0,0.0508,0,0,0,NaN,NaN,null,0,0,0,0,0
05-10-2021 01:25:18.883 AM,20715,0,0.0508,0,0,0,NaN,NaN,null,0,0,0,0,0
05-10-2021 01:25:18.916 AM,20748,0,0.0508,0,0,0,NaN,NaN,null,0,0,0,0,0
05-10-2021 01:25:18.946 AM,20778,0,0.0508,0,0,0,NaN,NaN,null,0,0,0,0,0
05-10-2021 01:25:18.978 AM,20810,0,0.0508,0,0,0,NaN,NaN,null,0,0,0,0,0
05-10-2021 01:25:19.020 AM,20852,0,0.0508,0,0,0,NaN,NaN,null,0,0,0,0,0
05-10-2021 01:25:19.053 AM,20885,0,0.0508,0,0,0,NaN,NaN,null,0,0,0,0,0
05-10-2021 01:25:19.085 AM,20917,0,0.0508,0,0,0,NaN,NaN,null,0,0,0,0,0
05-10-2021 01:25:19.116 AM,20948,0,0.0508,0,0,0,NaN,NaN,null,0,0,0,0,0
05-10-2021 01:25:19.149 AM,20981,0,0.0508,0,0,0,NaN,NaN,null,0,0,0,0,0
05-10-2021 01:25:19.181 AM,21013,0,0.0508,0,0,0,NaN,NaN,null,0,0,0,0,0
05-10-2021 01:25:19.225 AM,21057,0,0.0508,0,0,0,NaN,NaN,null,0,0,0,0,0
05-10-2021 01:25:19.258 AM,21090,0,0.0508,0,0,0,NaN,NaN,null,0,0,0,0,0
05-10-2021 01:25:19.289 AM,21121,0,0.0508,0,0,0,NaN,NaN,null,0,0,0,0,0
05-10-2021 01:25:19.320 AM,21152,0,0.0508,0,0,0,NaN,NaN,null,0,0,0,0,0
05-10-2021 01:25:19.363 AM,21195,0,0.0508,0,0,0,NaN,NaN,null,0,0,0,0,0
05-10-2021 01:25:19.394 AM,21226,0,0.0508,0,0,0,NaN,NaN,null,0,0,0,0,0
05-10-2021 01:25:19.426 AM,21258,0,0.0508,0,0,0,NaN,NaN,null,0,0,0,0,0
05-10-2021 01:25:19.459 AM,21291,0,0.0508,0,0,0,NaN,NaN,null,0,0,0,0,0
05-10-2021 01:25:19.501 AM,21333,0,0.0508,0,0,0,NaN,NaN,null,0,0,0,0,0
05-10-2021 01:25:19.533 AM,21365,0,0.0508,0,0,0,NaN,NaN,null,0,0,0,0,0
05-10-2021 01:25:19.565 AM,21397,0,0.0508,0,0,0,NaN,NaN,null,0,0,0,0,0
05-10-2021 01:25:19.598 AM,21430,0,0.0508,0,0,0,NaN,NaN,null,0,0,0,0,0
05-10-2021 01:25:19.641 AM,21473,0,0.0508,0,0,0,NaN,NaN,null,0,0,0,0,0
05-10-2021 01:25:19.673 AM,21505,0,0.0508,0,0,0,NaN,NaN,null,0,0,0,0,0
05-10-2021 01:25:19.705 AM,21537,0,0.0508,0,0,0,NaN,NaN,null,0,0,0,0,0
05-10-2021 01:25:19.736 AM,21568,0,0.0508,0,0,0,NaN,NaN,null,0,0,0,0,0
05-10-2021 01:25:19.770 AM,21602,0,0.0508,0,0,0,NaN,NaN,null,0,0,0,0,0
05-10-2021 01:25:19.814 AM,21646,0,0.0508,0,0,0,NaN,NaN,null,0,0,0,0,0
05-10-2021 01:25:19.844 AM,21676,0,0.0508,0,0,0,NaN,NaN,null,0,0,0,0,0
05-10-2021 01:25:19.876 AM,21708,0,0.0508,0,0,0,NaN,NaN,null,0,0,0,0,0
05-10-2021 01:25:19.908 AM,21740,0,0.0508,0,0,0,NaN,NaN,null,0,0,0,0,0
05-10-2021 01:25:19.940 AM,21772,0,0.0508,0,0,0,NaN,NaN,null,0,0,0,0,0
05-10-2021 01:25:19.984 AM,21816,0,0.0508,0,0,0,NaN,NaN,null,0,0,0,0,0
05-10-2021 01:25:20.016 AM,21848,0,0.0508,0,0,0,NaN,NaN,null,0,0,0,0,0
05-10-2021 01:25:20.049 AM,21881,0,0.0508,0,0,0,NaN,NaN,null,0,0,0,0,0
05-10-2021 01:25:20.082 AM,21914,0,0.0508,0,0,0,NaN,NaN,null,0,0,0,0,0
05-10-2021 01:25:20.116 AM,21948,0,0.0508,0,0,0,NaN,NaN,null,0,0,0,0,0
05-10-2021 01:25:20.147 AM,21979,0,0.0508,0,0,0,NaN,NaN,null,0,0,0,0,0
05-10-2021 01:25:20.192 AM,22024,0,0.0508,0,0,0,NaN,NaN,null,0,0,0,0,0
05-10-2021 01:25:20.222 AM,22054,0,0.0508,0,0,0,NaN,NaN,null,0,0,0,0,0
05-10-2021 01:25:20.254 AM,22086,0,0.0508,0,0,0,NaN,NaN,null,0,0,0,0,0
05-10-2021 01:25:20.285 AM,22117,0,0.0508,0,0,0,NaN,NaN,null,0,0,0,0,0
05-10-2021 01:25:20.331 AM,22163,0,0.0508,0,0,0,NaN,NaN,null,0,0,0,0,0
05-10-2021 01:25:20.360 AM,22192,0,0.0508,0,0,0,NaN,NaN,null,0,0,0,0,0
05-10-2021 01:25:20.393 AM,22225,0,0.0508,0,0,0,NaN,NaN,null,0,0,0,0,0
05-10-2021 01:25:20.425 AM,22257,0,0.0508,0,0,0,NaN,NaN,null,0,0,0,0,0
05-10-2021 01:25:20.456 AM,22288,0,0.0508,0,0,0,NaN,NaN,null,0,0,0,0,0
05-10-2021 01:25:20.500 AM,22332,0,0.0508,0,0,0,NaN,NaN,null,0,0,0,0,0
05-10-2021 01:25:20.533 AM,22365,0,0.0508,0,0,0,NaN,NaN,null,0,0,0,0,0
05-10-2021 01:25:20.565 AM,22397,0,0.0508,0,0,0,NaN,NaN,null,0,0,0,0,0
05-10-2021 01:25:20.597 AM,22429,0,0.0508,0,0,0,NaN,NaN,null,0,0,0,0,0
05-10-2021 01:25:20.656 AM,22488,0,0.0508,0,0,0,NaN,NaN,null,0,0,0,0,0
05-10-2021 01:25:20.705 AM,22537,0,0.0508,0,0,0,NaN,NaN,null,0,0,0,0,0
05-10-2021 01:25:20.763 AM,22595,0,0.0508,0,0,0,NaN,NaN,null,0,0,0,0,0
05-10-2021 01:25:20.791 AM,22623,0,0.0508,0,0,0,NaN,NaN,null,0,0,0,0,0
05-10-2021 01:25:20.810 AM,22642,0,0.0508,0,0,0,NaN,NaN,null,0,0,0,0,0
05-10-2021 01:25:20.848 AM,22680,0,0.0508,0,0,0,NaN,NaN,null,0,0,0,0,0
05-10-2021 01:25:20.875 AM,22707,0,0.0508,0,0,0,NaN,NaN,null,0,0,0,0,0
05-10-2021 01:25:20.907 AM,22739,0,0.0508,0,0,0,NaN,NaN,null,0,0,0,0,0
05-10-2021 01:25:20.951 AM,22783,0,0.0508,0,0,0,NaN,NaN,null,0,0,0,0,0
05-10-2021 01:25:20.981 AM,22813,0,0.0508,0,0,0,NaN,NaN,null,0,0,0,0,0
05-10-2021 01:25:21.014 AM,22846,0,0.0508,0,0,0,NaN,NaN,null,0,0,0,0,0
05-10-2021 01:25:21.043 AM,22875,0,0.0508,0,0,0,NaN,NaN,null,0,0,0,0,0
05-10-2021 01:25:21.087 AM,22919,0,0.0508,0,0,0,NaN,NaN,null,0,0,0,0,0
05-10-2021 01:25:21.121 AM,22953,0,0.0508,0,0,0,NaN,NaN,null,0,0,0,0,0
05-10-2021 01:25:21.152 AM,22984,0,0.0508,0,0,0,NaN,NaN,null,0,0,0,0,0
05-10-2021 01:25:21.185 AM,23017,0,0.0508,0,0,0,NaN,NaN,null,0,0,0,0,0
05-10-2021 01:25:21.226 AM,23058,0,0.0508,0,0,0,NaN,NaN,null,0,0,0,0,0
05-10-2021 01:25:21.259 AM,23091,0,0.0508,0,0,0,NaN,NaN,null,0,0,0,0,0
05-10-2021 01:25:21.292 AM,23123,0,0.0508,0,0,0,NaN,NaN,null,0,0,0,0,0
05-10-2021 01:25:21.322 AM,23154,0,0.0508,0,0,0,NaN,NaN,null,0,0,0,0,0
05-10-2021 01:25:21.355 AM,23187,0,0.0508,0,0,0,NaN,NaN,null,0,0,0,0,0
05-10-2021 01:25:21.398 AM,23230,0,0.0508,0,0,0,NaN,NaN,null,0,0,0,0,0
05-10-2021 01:25:21.429 AM,23261,0,0.0508,0,0,0,NaN,NaN,null,0,0,0,0,0
05-10-2021 01:25:21.462 AM,23294,0,0.0508,0,0,0,NaN,NaN,null,0,0,0,0,0
05-10-2021 01:25:21.496 AM,23328,0,0.0508,0,0,0,NaN,NaN,null,0,0,0,0,0
05-10-2021 01:25:21.528 AM,23360,0,0.0508,0,0,0,NaN,NaN,null,0,0,0,0,0
05-10-2021 01:25:21.569 AM,23401,0,0.0508,0,0,0,NaN,NaN,null,0,0,0,0,0
05-10-2021 01:25:21.599 AM,23431,0,0.0508,0,0,0,NaN,NaN,null,0,0,0,0,0
05-10-2021 01:25:21.632 AM,23464,0,0.0508,0,0,0,NaN,NaN,null,0,0,0,0,0
05-10-2021 01:25:21.663 AM,23495,0,0.0508,0,0,0,NaN,NaN,null,0,0,0,0,0
05-10-2021 01:25:21.708 AM,23540,0,0.0508,0,0,0,NaN,NaN,null,0,0,0,0,0
05-10-2021 01:25:21.740 AM,23572,0,0.0508,0,0,0,NaN,NaN,null,0,0,0,0,0
05-10-2021 01:25:21.770 AM,23602,0,0.0508,0,0,0,NaN,NaN,null,0,0,0,0,0
05-10-2021 01:25:21.803 AM,23635,0,0.0508,0,0,0,NaN,NaN,null,0,0,0,0,0
05-10-2021 01:25:21.845 AM,23677,0,0.0508,0,0,0,NaN,NaN,null,0,0,0,0,0
05-10-2021 01:25:21.877 AM,23709,0,0.0508,0,0,0,NaN,NaN,null,0,0,0,0,0
05-10-2021 01:25:21.911 AM,23743,0,0.0508,0,0,0,NaN,NaN,null,0,0,0,0,0
05-10-2021 01:25:21.945 AM,23777,0,0.0508,0,0,0,NaN,NaN,null,0,0,0,0,0
05-10-2021 01:25:21.976 AM,23808,0,0.0508,0,0,0,NaN,NaN,null,0,0,0,0,0
05-10-2021 01:25:22.015 AM,23847,0,0.0508,0,0,0,NaN,NaN,null,0,0,0,0,0
05-10-2021 01:25:22.049 AM,23881,0,0.0508,0,0,0,NaN,NaN,null,0,0,0,0,0
05-10-2021 01:25:22.079 AM,23911,0,0.0508,0,0,0,NaN,NaN,null,0,0,0,0,0
05-10-2021 01:25:22.110 AM,23942,0,0.0508,0,0,0,NaN,NaN,null,0,0,0,0,0
05-10-2021 01:25:22.153 AM,23985,0,0.0508,0,0,0,NaN,NaN,null,0,0,0,0,0
05-10-2021 01:25:22.187 AM,24019,0,0.0508,0,0,0,NaN,NaN,null,0,0,0,0,0
05-10-2021 01:25:22.220 AM,24052,0,0.0508,0,0,0,NaN,NaN,null,0,0,0,0,0
05-10-2021 01:25:22.251 AM,24083,0,0.0508,0,0,0,NaN,NaN,null,0,0,0,0,0
05-10-2021 01:25:22.283 AM,24115,0,0.0508,0,0,0,NaN,NaN,null,0,0,0,0,0
05-10-2021 01:25:22.324 AM,24156,0,0.0508,0,0,0,NaN,NaN,null,0,0,0,0,0
05-10-2021 01:25:22.357 AM,24189,0,0.0508,0,0,0,NaN,NaN,null,0,0,0,0,0
05-10-2021 01:25:22.387 AM,24219,0,0.0508,0,0,0,NaN,NaN,null,0,0,0,0,0
05-10-2021 01:25:22.419 AM,24251,0,0.0508,0,0,0,NaN,NaN,null,0,0,0,0,0
05-10-2021 01:25:22.462 AM,24294,0,0.0508,0,0,0,NaN,NaN,null,0,0,0,0,0
05-10-2021 01:25:22.494 AM,24326,0,0.0508,0,0,0,NaN,NaN,null,0,0,0,0,0
05-10-2021 01:25:22.527 AM,24359,0,0.0508,0,0,0,NaN,NaN,null,0,0,0,0,0
05-10-2021 01:25:22.559 AM,24391,0,0.0508,0,0,0,NaN,NaN,null,0,0,0,0,0
05-10-2021 01:25:22.601 AM,24433,0,0.0508,0,0,0,NaN,NaN,null,0,0,0,0,0
05-10-2021 01:25:22.633 AM,24465,0,0.0508,0,0,0,NaN,NaN,null,0,0,0,0,0
05-10-2021 01:25:22.665 AM,24497,0,0.0508,0,0,0,NaN,NaN,null,0,0,0,0,0
05-10-2021 01:25:22.698 AM,24530,0,0.0508,0,0,0,NaN,NaN,null,0,0,0,0,0
05-10-2021 01:25:22.730 AM,24562,0,0.0508,0,0,0,NaN,NaN,null,0,0,0,0,0
05-10-2021 01:25:22.774 AM,24606,0,0.0508,0,0,0,NaN,NaN,null,0,0,0,0,0
05-10-2021 01:25:22.805 AM,24637,0,0.0508,0,0,0,NaN,NaN,null,0,0,0,0,0
05-10-2021 01:25:22.836 AM,24668,0,0.0508,0,0,0,NaN,NaN,null,0,0,0,0,0
05-10-2021 01:25:22.869 AM,24701,0,0.0508,0,0,0,NaN,NaN,null,0,0,0,0,0
05-10-2021 01:25:22.913 AM,24745,0,0.0508,0,0,0,NaN,NaN,null,0,0,0,0,0
05-10-2021 01:25:22.943 AM,24775,0,0.0508,0,0,0,NaN,NaN,null,0,0,0,0,0
05-10-2021 01:25:22.976 AM,24808,0,0.0508,0,0,0,NaN,NaN,null,0,0,0,0,0
05-10-2021 01:25:23.007 AM,24839,0,0.0508,0,0,0,NaN,NaN,null,0,0,0,0,0
05-10-2021 01:25:23.049 AM,24881,0,0.0508,0,0,0,NaN,NaN,null,0,0,0,0,0
05-10-2021 01:25:23.080 AM,24912,0,0.0508,0,0,0,NaN,NaN,null,0,0,0,0,0
05-10-2021 01:25:23.113 AM,24945,0,0.0508,0,0,0,NaN,NaN,null,0,0,0,0,0
05-10-2021 01:25:23.145 AM,24977,0,0.0508,0,0,0,NaN,NaN,null,0,0,0,0,0
05-10-2021 01:25:23.177 AM,25009,0,0.0508,0,0,0,NaN,NaN,null,0,0,0,0,0
05-10-2021 01:25:23.221 AM,25053,0,0.0508,0,0,0,NaN,NaN,null,0,0,0,0,0
05-10-2021 01:25:23.251 AM,25083,0,0.0508,0,0,0,NaN,NaN,null,0,0,0,0,0
05-10-2021 01:25:23.283 AM,25115,0,0.0508,0,0,0,NaN,NaN,null,0,0,0,0,0
05-10-2021 01:25:23.315 AM,25147,0,0.0508,0,0,0,NaN,NaN,null,0,0,0,0,0
05-10-2021 01:25:23.359 AM,25191,0,0.0508,0,0,0,NaN,NaN,null,0,0,0,0,0
05-10-2021 01:25:23.390 AM,25222,0,0.0508,0,0,0,NaN,NaN,null,0,0,0,0,0
05-10-2021 01:25:23.422 AM,25254,0,0.0508,0,0,0,NaN,NaN,null,0,0,0,0,0
05-10-2021 01:25:23.454 AM,25286,0,0.0508,0,0,0,NaN,NaN,null,0,0,0,0,0
05-10-2021 01:25:23.497 AM,25329,0,0.0508,0,0,0,NaN,NaN,null,0,0,0,0,0
05-10-2021 01:25:23.529 AM,25361,0,0.0508,0,0,0,NaN,NaN,null,0,0,0,0,0
05-10-2021 01:25:23.560 AM,25392,0,0.0508,0,0,0,NaN,NaN,null,0,0,0,0,0
05-10-2021 01:25:23.592 AM,25424,0,0.0508,0,0,0,NaN,NaN,null,0,0,0,0,0
05-10-2021 01:25:23.624 AM,25456,0,0.0508,0,0,0,NaN,NaN,null,0,0,0,0,0
05-10-2021 01:25:23.668 AM,25500,0,0.0508,0,0,0,NaN,NaN,null,0,0,0,0,0
05-10-2021 01:25:23.699 AM,25531,0,0.0508,0,0,0,NaN,NaN,null,0,0,0,0,0
05-10-2021 01:25:23.732 AM,25564,0,0.0508,0,0,0,NaN,NaN,null,0,0,0,0,0
05-10-2021 01:25:23.763 AM,25595,0,0.0508,0,0,0,NaN,NaN,null,0,0,0,0,0
05-10-2021 01:25:23.806 AM,25638,0,0.0508,0,0,0,NaN,NaN,null,0,0,0,0,0
05-10-2021 01:25:23.839 AM,25671,0,0.0508,0,0,0,NaN,NaN,null,0,0,0,0,0
05-10-2021 01:25:23.870 AM,25702,0,0.0508,0,0,0,NaN,NaN,null,0,0,0,0,0
05-10-2021 01:25:23.902 AM,25734,0,0.0508,0,0,0,NaN,NaN,null,0,0,0,0,0
05-10-2021 01:25:23.947 AM,25779,0,0.0508,0,0,0,NaN,NaN,null,0,0,0,0,0
05-10-2021 01:25:23.978 AM,25810,0,0.0508,0,0,0,NaN,NaN,null,0,0,0,0,0
05-10-2021 01:25:24.008 AM,25840,0,0.0508,0,0,0,NaN,NaN,null,0,0,0,0,0
05-10-2021 01:25:24.042 AM,25874,0,0.0508,0,0,0,NaN,NaN,null,0,0,0,0,0
05-10-2021 01:25:24.074 AM,25906,0,0.0508,0,0,0,NaN,NaN,null,0,0,0,0,0
05-10-2021 01:25:24.116 AM,25948,0,0.0508,0,0,0,NaN,NaN,null,0,0,0,0,0
05-10-2021 01:25:24.152 AM,25984,0,0.0508,0,0,0,NaN,NaN,null,0,0,0,0,0
05-10-2021 01:25:24.181 AM,26013,0,0.0508,0,0,0,NaN,NaN,null,0,0,0,0,0
05-10-2021 01:25:24.213 AM,26045,0,0.0508,0,0,0,NaN,NaN,null,0,0,0,0,0
05-10-2021 01:25:24.246 AM,26078,0,0.0508,0,0,0,NaN,NaN,null,0,0,0,0,0
05-10-2021 01:25:24.292 AM,26124,0,0.0508,0,0,0,NaN,NaN,null,0,0,0,0,0
05-10-2021 01:25:24.321 AM,26153,0,0.0508,0,0,0,NaN,NaN,null,0,0,0,0,0
05-10-2021 01:25:24.356 AM,26188,0,0.0508,0,0,0,NaN,NaN,null,0,0,0,0,0
05-10-2021 01:25:24.386 AM,26218,0,0.0508,0,0,0,NaN,NaN,null,0,0,0,0,0
05-10-2021 01:25:24.417 AM,26249,0,0.0508,0,0,0,NaN,NaN,null,0,0,0,0,0
05-10-2021 01:25:24.451 AM,26283,0,0.0508,0,0,0,NaN,NaN,null,0,0,0,0,0
05-10-2021 01:25:24.494 AM,26326,0,0.0508,0,0,0,NaN,NaN,null,0,0,0,0,0
05-10-2021 01:25:24.525 AM,26357,0,0.0508,0,0,0,NaN,NaN,null,0,0,0,0,0
05-10-2021 01:25:24.558 AM,26390,0,0.0508,0,0,0,NaN,NaN,null,0,0,0,0,0
05-10-2021 01:25:24.590 AM,26422,0,0.0508,0,0,0,NaN,NaN,null,0,0,0,0,0
05-10-2021 01:25:24.635 AM,26467,0,0.0508,0,0,0,NaN,NaN,null,0,0,0,0,0
05-10-2021 01:25:24.666 AM,26498,0,0.0508,0,0,0,NaN,NaN,null,0,0,0,0,0
05-10-2021 01:25:24.696 AM,26528,0,0.0508,0,0,0,NaN,NaN,null,0,0,0,0,0
05-10-2021 01:25:24.728 AM,26560,0,0.0508,0,0,0,NaN,NaN,null,0,0,0,0,0
05-10-2021 01:25:24.773 AM,26605,0,0.0508,0,0,0,NaN,NaN,null,0,0,0,0,0
05-10-2021 01:25:24.804 AM,26636,0,0.0508,0,0,0,NaN,NaN,null,0,0,0,0,0
05-10-2021 01:25:24.833 AM,26665,0,0.0508,0,0,0,NaN,NaN,null,0,0,0,0,0
05-10-2021 01:25:24.866 AM,26698,0,0.0508,0,0,0,NaN,NaN,null,0,0,0,0,0
05-10-2021 01:25:24.907 AM,26739,0,0.0508,0,0,0,NaN,NaN,null,0,0,0,0,0
05-10-2021 01:25:24.938 AM,26770,0,0.0508,0,0,0,NaN,NaN,null,0,0,0,0,0
05-10-2021 01:25:24.969 AM,26801,0,0.0508,0,0,0,NaN,NaN,null,0,0,0,0,0
05-10-2021 01:25:25.013 AM,26845,0,0.0508,0,0,0,NaN,NaN,null,0,0,0,0,0
05-10-2021 01:25:25.043 AM,26875,0,0.0508,0,0,0,NaN,NaN,null,0,0,0,0,0
05-10-2021 01:25:25.076 AM,26908,0,0.0508,0,0,0,NaN,NaN,null,0,0,0,0,0
05-10-2021 01:25:25.107 AM,26939,0,0.0508,0,0,0,NaN,NaN,null,0,0,0,0,0
05-10-2021 01:25:25.141 AM,26973,0,0.0508,0,0,0,NaN,NaN,null,0,0,0,0,0
05-10-2021 01:25:25.186 AM,27018,0,0.0508,0,0,0,NaN,NaN,null,0,0,0,0,0
05-10-2021 01:25:25.224 AM,27056,0,0.0508,0,0,0,NaN,NaN,null,0,0,0,0,0
05-10-2021 01:25:25.246 AM,27078,0,0.0508,0,0,0,NaN,NaN,null,0,0,0,0,0
05-10-2021 01:25:25.278 AM,27110,0,0.0508,0,0,0,NaN,NaN,null,0,0,0,0,0
05-10-2021 01:25:25.312 AM,27144,0,0.0508,0,0,0,NaN,NaN,null,0,0,0,0,0
05-10-2021 01:25:25.353 AM,27185,0,0.0508,0,0,0,NaN,NaN,null,0,0,0,0,0
05-10-2021 01:25:25.384 AM,27216,0,0.0508,0,0,0,NaN,NaN,null,0,0,0,0,0
05-10-2021 01:25:25.417 AM,27249,0,0.0508,0,0,0,NaN,NaN,null,0,0,0,0,0
05-10-2021 01:25:25.460 AM,27292,0,0.0508,0,0,0,NaN,NaN,null,0,0,0,0,0
05-10-2021 01:25:25.491 AM,27323,0,0.0508,0,0,0,NaN,NaN,null,0,0,0,0,0
05-10-2021 01:25:25.525 AM,27357,0,0.0508,0,0,0,NaN,NaN,null,0,0,0,0,0
05-10-2021 01:25:25.556 AM,27388,0,0.0508,0,0,0,NaN,NaN,null,0,0,0,0,0
05-10-2021 01:25:25.588 AM,27420,0,0.0508,0,0,0,NaN,NaN,null,0,0,0,0,0
05-10-2021 01:25:25.630 AM,27462,0,0.0508,0,0,0,NaN,NaN,null,0,0,0,0,0
05-10-2021 01:25:25.663 AM,27495,0,0.0508,0,0,0,NaN,NaN,null,0,0,0,0,0
05-10-2021 01:25:25.695 AM,27527,0,0.0508,0,0,0,NaN,NaN,null,0,0,0,0,0
05-10-2021 01:25:25.729 AM,27561,0,0.0508,0,0,0,NaN,NaN,null,0,0,0,0,0
05-10-2021 01:25:25.770 AM,27602,0,0.0508,0,0,0,NaN,NaN,null,0,0,0,0,0
05-10-2021 01:25:25.802 AM,27634,0,0.0508,0,0,0,NaN,NaN,null,0,0,0,0,0
05-10-2021 01:25:25.836 AM,27668,0,0.0508,0,0,0,NaN,NaN,null,0,0,0,0,0
05-10-2021 01:25:25.867 AM,27699,0,0.0508,0,0,0,NaN,NaN,null,0,0,0,0,0
05-10-2021 01:25:25.909 AM,27741,0,0.0508,0,0,0,NaN,NaN,null,0,0,0,0,0
05-10-2021 01:25:25.941 AM,27773,0,0.0508,0,0,0,NaN,NaN,null,0,0,0,0,0
05-10-2021 01:25:25.973 AM,27805,0,0.0508,0,0,0,NaN,NaN,null,0,0,0,0,0
05-10-2021 01:25:26.005 AM,27837,0,0.0508,0,0,0,NaN,NaN,null,0,0,0,0,0
05-10-2021 01:25:26.038 AM,27870,0,0.0508,0,0,0,NaN,NaN,null,0,0,0,0,0
05-10-2021 01:25:26.070 AM,27902,0,0.0508,0,0,0,NaN,NaN,null,0,0,0,0,0
05-10-2021 01:25:26.113 AM,27945,0,0.0508,0,0,0,NaN,NaN,null,0,0,0,0,0
05-10-2021 01:25:26.145 AM,27977,0,0.0508,0,0,0,NaN,NaN,null,0,0,0,0,0
05-10-2021 01:25:26.177 AM,28009,0,0.0508,0,0,0,NaN,NaN,null,0,0,0,0,0
05-10-2021 01:25:26.209 AM,28041,0,0.0508,0,0,0,NaN,NaN,null,0,0,0,0,0
05-10-2021 01:25:26.242 AM,28074,0,0.0508,0,0,0,NaN,NaN,null,0,0,0,0,0
05-10-2021 01:25:26.288 AM,28120,0,0.0508,0,0,0,NaN,NaN,null,0,0,0,0,0
05-10-2021 01:25:26.319 AM,28151,0,0.0508,0,0,0,NaN,NaN,null,0,0,0,0,0
05-10-2021 01:25:26.350 AM,28182,0,0.0508,0,0,0,NaN,NaN,null,0,0,0,0,0
05-10-2021 01:25:26.382 AM,28214,0,0.0508,0,0,0,NaN,NaN,null,0,0,0,0,0
05-10-2021 01:25:26.427 AM,28259,0,0.0508,0,0,0,NaN,NaN,null,0,0,0,0,0
05-10-2021 01:25:26.458 AM,28290,0,0.0508,0,0,0,NaN,NaN,null,0,0,0,0,0
05-10-2021 01:25:26.490 AM,28322,0,0.0508,0,0,0,NaN,NaN,null,0,0,0,0,0
05-10-2021 01:25:26.522 AM,28354,0,0.0508,0,0,0,NaN,NaN,null,0,0,0,0,0
05-10-2021 01:25:26.553 AM,28385,0,0.0508,0,0,0,NaN,NaN,null,0,0,0,0,0
05-10-2021 01:25:26.586 AM,28418,0,0.0508,0,0,0,NaN,NaN,null,0,0,0,0,0
05-10-2021 01:25:26.627 AM,28459,0,0.0508,0,0,0,NaN,NaN,null,0,0,0,0,0
05-10-2021 01:25:26.659 AM,28491,0,0.0508,0,0,0,NaN,NaN,null,0,0,0,0,0
05-10-2021 01:25:26.690 AM,28522,0,0.0508,0,0,0,NaN,NaN,null,0,0,0,0,0
05-10-2021 01:25:26.736 AM,28568,0,0.0508,0,0,0,NaN,NaN,null,0,0,0,0,0
05-10-2021 01:25:26.766 AM,28598,0,0.0508,0,0,0,NaN,NaN,null,0,0,0,0,0
05-10-2021 01:25:26.799 AM,28631,0,0.0508,0,0,0,NaN,NaN,null,0,0,0,0,0
05-10-2021 01:25:26.829 AM,28661,0,0.0508,0,0,0,NaN,NaN,null,0,0,0,0,0
05-10-2021 01:25:26.862 AM,28694,0,0.0508,0,0,0,NaN,NaN,null,0,0,0,0,0
05-10-2021 01:25:26.904 AM,28736,0,0.0508,0,0,0,NaN,NaN,null,0,0,0,0,0
05-10-2021 01:25:26.936 AM,28768,0,0.0508,0,0,0,NaN,NaN,null,0,0,0,0,0
05-10-2021 01:25:26.967 AM,28799,0,0.0508,0,0,0,NaN,NaN,null,0,0,0,0,0
05-10-2021 01:25:27.001 AM,28833,0,0.0508,0,0,0,NaN,NaN,null,0,0,0,0,0
05-10-2021 01:25:27.043 AM,28875,0,0.0508,0,0,0,NaN,NaN,null,0,0,0,0,0
05-10-2021 01:25:27.076 AM,28908,0,0.0508,0,0,0,NaN,NaN,null,0,0,0,0,0
05-10-2021 01:25:27.108 AM,28940,0,0.0508,0,0,0,NaN,NaN,null,0,0,0,0,0
05-10-2021 01:25:27.141 AM,28973,0,0.0508,0,0,0,NaN,NaN,null,0,0,0,0,0
05-10-2021 01:25:27.171 AM,29003,0,0.0508,0,0,0,NaN,NaN,null,0,0,0,0,0
05-10-2021 01:25:27.213 AM,29045,0,0.0508,0,0,0,NaN,NaN,null,0,0,0,0,0
05-10-2021 01:25:27.246 AM,29078,0,0.0508,0,0,0,NaN,NaN,null,0,0,0,0,0
05-10-2021 01:25:27.277 AM,29109,0,0.0508,0,0,0,NaN,NaN,null,0,0,0,0,0
05-10-2021 01:25:27.309 AM,29141,0,0.0508,0,0,0,NaN,NaN,null,0,0,0,0,0
05-10-2021 01:25:27.352 AM,29184,0,0.0508,0,0,0,NaN,NaN,null,0,0,0,0,0
05-10-2021 01:25:27.384 AM,29216,0,0.0508,0,0,0,NaN,NaN,null,0,0,0,0,0
05-10-2021 01:25:27.416 AM,29248,0,0.0508,0,0,0,NaN,NaN,null,0,0,0,0,0
05-10-2021 01:25:27.448 AM,29280,0,0.0508,0,0,0,NaN,NaN,null,0,0,0,0,0
05-10-2021 01:25:27.492 AM,29324,0,0.0508,0,0,0,NaN,NaN,null,0,0,0,0,0
05-10-2021 01:25:27.524 AM,29356,0,0.0508,0,0,0,NaN,NaN,null,0,0,0,0,0
05-10-2021 01:25:27.557 AM,29389,0,0.0508,0,0,0,NaN,NaN,null,0,0,0,0,0
05-10-2021 01:25:27.588 AM,29420,0,0.0508,0,0,0,NaN,NaN,null,0,0,0,0,0
05-10-2021 01:25:27.620 AM,29452,0,0.0508,0,0,0,NaN,NaN,null,0,0,0,0,0
05-10-2021 01:25:27.663 AM,29495,0,0.0508,0,0,0,NaN,NaN,null,0,0,0,0,0
05-10-2021 01:25:27.694 AM,29526,0,0.0508,0,0,0,NaN,NaN,null,0,0,0,0,0
05-10-2021 01:25:27.727 AM,29559,0,0.0508,0,0,0,NaN,NaN,null,0,0,0,0,0
05-10-2021 01:25:27.759 AM,29591,0,0.0508,0,0,0,NaN,NaN,null,0,0,0,0,0
05-10-2021 01:25:27.791 AM,29623,0,0.0508,0,0,0,NaN,NaN,null,0,0,0,0,0
05-10-2021 01:25:27.835 AM,29667,0,0.0508,0,0,0,NaN,NaN,null,0,0,0,0,0
05-10-2021 01:25:27.865 AM,29697,0,0.0508,0,0,0,NaN,NaN,null,0,0,0,0,0
05-10-2021 01:25:27.896 AM,29728,0,0.0508,0,0,0,NaN,NaN,null,0,0,0,0,0
05-10-2021 01:25:27.940 AM,29772,0,0.0508,0,0,0,NaN,NaN,null,0,0,0,0,0
05-10-2021 01:25:27.971 AM,29803,0,0.0508,0,0,0,NaN,NaN,null,0,0,0,0,0
05-10-2021 01:25:28.004 AM,29836,0,0.0508,0,0,0,NaN,NaN,null,0,0,0,0,0
05-10-2021 01:25:28.036 AM,29868,0,0.0508,0,0,0,NaN,NaN,null,0,0,0,0,0
05-10-2021 01:25:28.068 AM,29900,0,0.0508,0,0,0,NaN,NaN,null,0,0,0,0,0
05-10-2021 01:25:28.111 AM,29943,0,0.0508,0,0,0,NaN,NaN,null,0,0,0,0,0
05-10-2021 01:25:28.142 AM,29974,0,0.0508,0,0,0,NaN,NaN,null,0,0,0,0,0
05-10-2021 01:25:28.175 AM,30007,0,0.0508,0,0,0,NaN,NaN,null,0,0,0,0,0
05-10-2021 01:25:28.206 AM,30038,0,0.0508,0,0,0,NaN,NaN,null,0,0,0,0,0
05-10-2021 01:25:28.249 AM,30081,0,0.0508,0,0,0,NaN,NaN,null,0,0,0,0,0
05-10-2021 01:25:28.283 AM,30115,0,0.0508,0,0,0,NaN,NaN,null,0,0,0,0,0
05-10-2021 01:25:28.315 AM,30147,0,0.0508,0,0,0,NaN,NaN,null,0,0,0,0,0
05-10-2021 01:25:28.347 AM,30179,0,0.0508,0,0,0,NaN,NaN,null,0,0,0,0,0
05-10-2021 01:25:28.380 AM,30212,0,0.0508,0,0,0,NaN,NaN,null,0,0,0,0,0
05-10-2021 01:25:28.412 AM,30244,0,0.0508,0,0,0,NaN,NaN,null,0,0,0,0,0
05-10-2021 01:25:28.445 AM,30277,0,0.0508,0,0,0,NaN,NaN,null,0,0,0,0,0
05-10-2021 01:25:28.488 AM,30320,0,0.0508,0,0,0,NaN,NaN,null,0,0,0,0,0
05-10-2021 01:25:28.519 AM,30351,0,0.0508,0,0,0,NaN,NaN,null,0,0,0,0,0
05-10-2021 01:25:28.552 AM,30384,0,0.0508,0,0,0,NaN,NaN,null,0,0,0,0,0
